file,class,method,constructor,line,cbo,cboModified,fanin,fanout,wmc,rfc,loc,returnsQty,variablesQty,parametersQty,methodsInvokedQty,methodsInvokedLocalQty,methodsInvokedIndirectLocalQty,loopQty,comparisonsQty,tryCatchQty,parenthesizedExpsQty,stringLiteralsQty,numbersQty,assignmentsQty,mathOperationsQty,maxNestedBlocksQty,anonymousClassesQty,innerClassesQty,lambdasQty,uniqueWordsQty,modifiers,logStatementsQty,hasJavaDoc
C:\ghidra-master\GPL\DMG\src\dmg\java\mobiledevices\dmg\ghidra\GDataConverterBE.java,mobiledevices.dmg.ghidra.GDataConverterBE,getLong/1[byte[]],false,62,2,1,0,1,1,1,3,1,0,1,1,1,1,0,0,0,0,0,1,0,0,0,0,0,0,3,17,0,true
C:\ghidra-master\GPL\DMG\src\dmg\java\mobiledevices\dmg\ghidra\GDataConverterBE.java,mobiledevices.dmg.ghidra.GDataConverterBE,"getBytes/2[short,byte[]]",false,101,2,3,2,1,1,1,3,0,0,2,1,1,1,0,0,0,0,0,1,0,0,0,0,0,0,3,17,0,true
C:\ghidra-master\GPL\DMG\src\dmg\java\mobiledevices\dmg\ghidra\GDataConverterBE.java,mobiledevices.dmg.ghidra.GDataConverterBE,"getValue/2[byte[],int]",false,80,2,1,0,1,1,1,3,1,0,2,1,1,1,0,0,0,0,0,1,0,0,0,0,0,0,3,1,0,true
C:\ghidra-master\GPL\DMG\src\dmg\java\mobiledevices\dmg\ghidra\GDataConverterBE.java,mobiledevices.dmg.ghidra.GDataConverterBE,"getBytes/3[long,byte[],int]",false,141,2,2,1,1,1,1,3,0,0,3,1,1,1,0,0,0,0,0,1,0,0,0,0,0,0,3,1,0,true
C:\ghidra-master\GPL\DMG\src\dmg\java\mobiledevices\dmg\ghidra\GDataConverterBE.java,mobiledevices.dmg.ghidra.GDataConverterBE,getBytes/1[short],false,218,2,1,0,1,1,1,5,1,1,1,1,1,2,0,0,0,0,0,1,1,0,0,0,0,0,4,1,0,true
C:\ghidra-master\GPL\DMG\src\dmg\java\mobiledevices\dmg\ghidra\GDataConverterBE.java,mobiledevices.dmg.ghidra.GDataConverterBE,"getLong/2[byte[],int]",false,69,1,1,1,0,2,0,7,1,2,2,0,0,0,1,0,0,2,0,4,3,2,1,0,0,0,6,1,0,true
C:\ghidra-master\GPL\DMG\src\dmg\java\mobiledevices\dmg\ghidra\GDataConverterBE.java,mobiledevices.dmg.ghidra.GDataConverterBE,getInt/1[byte[]],false,44,2,1,0,1,1,1,3,1,0,1,1,1,1,0,0,0,0,0,1,0,0,0,0,0,0,3,17,0,true
C:\ghidra-master\GPL\DMG\src\dmg\java\mobiledevices\dmg\ghidra\GDataConverterBE.java,mobiledevices.dmg.ghidra.GDataConverterBE,getBytes/1[int],false,200,2,1,0,1,1,1,5,1,1,1,1,1,2,0,0,0,0,0,1,1,0,0,0,0,0,4,1,0,true
C:\ghidra-master\GPL\DMG\src\dmg\java\mobiledevices\dmg\ghidra\GDataConverterBE.java,mobiledevices.dmg.ghidra.GDataConverterBE,"getBytes/2[long,byte[]]",false,134,2,3,2,1,1,1,3,0,0,2,1,1,1,0,0,0,0,0,2,0,0,0,0,0,0,3,17,0,true
C:\ghidra-master\GPL\DMG\src\dmg\java\mobiledevices\dmg\ghidra\GDataConverterBE.java,mobiledevices.dmg.ghidra.GDataConverterBE,GDataConverterBE/0,true,24,0,1,1,0,1,0,2,0,0,0,0,0,0,0,0,0,0,0,0,0,0,0,0,0,0,6,1,0,true
C:\ghidra-master\GPL\DMG\src\dmg\java\mobiledevices\dmg\ghidra\GDataConverterBE.java,mobiledevices.dmg.ghidra.GDataConverterBE,"putShort/2[byte[],short]",false,193,2,1,0,1,1,1,3,0,0,2,1,1,2,0,0,0,0,0,0,0,0,0,0,0,0,5,17,0,true
C:\ghidra-master\GPL\DMG\src\dmg\java\mobiledevices\dmg\ghidra\GDataConverterBE.java,mobiledevices.dmg.ghidra.GDataConverterBE,"putInt/2[byte[],int]",false,165,2,1,0,1,1,1,3,0,0,2,1,1,2,0,0,0,0,0,0,0,0,0,0,0,0,5,17,0,true
C:\ghidra-master\GPL\DMG\src\dmg\java\mobiledevices\dmg\ghidra\GDataConverterBE.java,mobiledevices.dmg.ghidra.GDataConverterBE,"putLong/2[byte[],long]",false,179,2,1,0,1,1,1,3,0,0,2,1,1,2,0,0,0,0,0,0,0,0,0,0,0,0,5,17,0,true
C:\ghidra-master\GPL\DMG\src\dmg\java\mobiledevices\dmg\ghidra\GDataConverterBE.java,mobiledevices.dmg.ghidra.GDataConverterBE,"getBytes/3[int,byte[],int]",false,123,1,2,2,0,2,0,7,0,1,3,0,0,0,1,0,0,2,0,4,4,2,1,0,0,0,5,1,0,true
C:\ghidra-master\GPL\DMG\src\dmg\java\mobiledevices\dmg\ghidra\GDataConverterBE.java,mobiledevices.dmg.ghidra.GDataConverterBE,"putInt/3[byte[],int,int]",false,158,2,1,0,1,1,1,3,0,0,3,1,1,1,0,0,0,0,0,0,0,0,0,0,0,0,5,17,0,true
C:\ghidra-master\GPL\DMG\src\dmg\java\mobiledevices\dmg\ghidra\GDataConverterBE.java,mobiledevices.dmg.ghidra.GDataConverterBE,"getValue/3[byte[],int,int]",false,87,1,1,1,0,3,0,10,1,2,3,0,0,0,1,0,0,2,1,5,3,3,1,0,0,0,13,1,0,true
C:\ghidra-master\GPL\DMG\src\dmg\java\mobiledevices\dmg\ghidra\GDataConverterBE.java,mobiledevices.dmg.ghidra.GDataConverterBE,"putLong/3[byte[],int,long]",false,172,2,1,0,1,1,1,3,0,0,3,1,1,2,0,0,0,0,0,0,0,0,0,0,0,0,5,17,0,true
C:\ghidra-master\GPL\DMG\src\dmg\java\mobiledevices\dmg\ghidra\GDataConverterBE.java,mobiledevices.dmg.ghidra.GDataConverterBE,"getShort/2[byte[],int]",false,37,1,1,1,0,1,0,3,1,0,2,0,0,0,0,0,0,4,0,4,0,2,0,0,0,0,4,1,0,true
C:\ghidra-master\GPL\DMG\src\dmg\java\mobiledevices\dmg\ghidra\GDataConverterBE.java,mobiledevices.dmg.ghidra.GDataConverterBE,getShort/1[byte[]],false,30,2,1,0,1,1,1,3,1,0,1,1,1,1,0,0,0,0,0,1,0,0,0,0,0,0,3,17,0,true
C:\ghidra-master\GPL\DMG\src\dmg\java\mobiledevices\dmg\ghidra\GDataConverterBE.java,mobiledevices.dmg.ghidra.GDataConverterBE,"getBytes/4[long,int,byte[],int]",false,148,1,2,2,0,2,0,6,0,1,4,0,0,0,1,0,0,0,0,3,3,2,1,0,0,0,6,1,0,true
C:\ghidra-master\GPL\DMG\src\dmg\java\mobiledevices\dmg\ghidra\GDataConverterBE.java,mobiledevices.dmg.ghidra.GDataConverterBE,getBytes/1[long],false,209,2,1,0,1,1,1,5,1,1,1,1,1,2,0,0,0,0,0,1,1,0,0,0,0,0,4,1,0,true
C:\ghidra-master\GPL\DMG\src\dmg\java\mobiledevices\dmg\ghidra\GDataConverterBE.java,mobiledevices.dmg.ghidra.GDataConverterBE,"getInt/2[byte[],int]",false,51,1,1,1,0,2,0,7,1,2,2,0,0,0,1,0,0,2,0,4,3,2,1,0,0,0,6,1,0,true
C:\ghidra-master\GPL\DMG\src\dmg\java\mobiledevices\dmg\ghidra\GDataConverterBE.java,mobiledevices.dmg.ghidra.GDataConverterBE,"getBytes/2[int,byte[]]",false,116,2,3,2,1,1,1,3,0,0,2,1,1,1,0,0,0,0,0,1,0,0,0,0,0,0,3,17,0,true
C:\ghidra-master\GPL\DMG\src\dmg\java\mobiledevices\dmg\ghidra\GDataConverterBE.java,mobiledevices.dmg.ghidra.GDataConverterBE,"getBytes/3[short,byte[],int]",false,108,1,2,2,0,1,0,4,0,0,3,0,0,0,0,0,0,2,0,3,2,2,0,0,0,0,5,1,0,true
C:\ghidra-master\GPL\DMG\src\dmg\java\mobiledevices\dmg\ghidra\GDataConverterBE.java,mobiledevices.dmg.ghidra.GDataConverterBE,"putShort/3[byte[],int,short]",false,186,2,1,0,1,1,1,3,0,0,3,1,1,1,0,0,0,0,0,0,0,0,0,0,0,0,5,17,0,true
C:\ghidra-master\GPL\DMG\src\dmg\java\mobiledevices\dmg\zlib\ZLIB.java,mobiledevices.dmg.zlib.ZLIB,"decompress/2[java.io.InputStream,int]",false,19,1,3,2,1,1,1,3,1,0,2,1,1,2,0,0,0,0,0,0,0,0,0,0,0,0,12,1,0,false
C:\ghidra-master\GPL\DMG\src\dmg\java\mobiledevices\dmg\zlib\ZLIB.java,mobiledevices.dmg.zlib.ZLIB,ZLIB/0,true,16,0,2,2,0,1,0,2,0,0,0,0,0,0,0,0,0,0,0,0,0,0,0,0,0,0,4,1,0,false
C:\ghidra-master\GPL\DMG\src\dmg\java\mobiledevices\dmg\zlib\ZLIB.java,mobiledevices.dmg.zlib.ZLIB,convertInputStreamToByteArray/1[java.io.InputStream],false,108,1,1,1,0,3,3,12,1,3,1,3,0,0,1,1,0,0,0,3,3,0,2,0,0,0,28,2,0,true
C:\ghidra-master\GPL\DMG\src\dmg\java\mobiledevices\dmg\zlib\ZLIB.java,mobiledevices.dmg.zlib.ZLIB,"compress/2[boolean,byte[]]",false,69,1,1,1,0,4,7,20,1,5,2,7,0,0,1,1,0,0,1,5,6,1,2,0,0,0,18,1,0,false
C:\ghidra-master\GPL\DMG\src\dmg\java\mobiledevices\dmg\zlib\ZLIB.java,mobiledevices.dmg.zlib.ZLIB,"decompress/3[java.io.InputStream,int,boolean]",false,23,2,2,1,1,7,6,27,1,7,3,6,1,1,1,2,1,0,0,6,9,1,3,0,0,0,32,1,0,false
C:\ghidra-master\GPL\DMG\src\dmg\java\mobiledevices\dmg\zlib\ZLIB.java,mobiledevices.dmg.zlib.ZLIB,compress/1[byte[]],false,65,2,1,0,1,1,1,3,1,0,1,1,1,1,0,0,0,0,0,0,0,0,0,0,0,0,7,1,0,false
C:\ghidra-master\GPL\DMG\src\dmg\java\mobiledevices\dmg\decmpfs\DecmpfsHeader.java,mobiledevices.dmg.decmpfs.DecmpfsHeader,"DecmpfsHeader/2[mobiledevices.dmg.ghidra.GBinaryReader,int]",true,17,1,7,1,6,4,7,21,0,4,2,7,0,0,0,2,0,2,1,7,9,5,1,0,0,0,17,1,0,false
C:\ghidra-master\GPL\DMG\src\dmg\java\mobiledevices\dmg\decmpfs\DecmpfsHeader.java,mobiledevices.dmg.decmpfs.DecmpfsHeader,getCompressionMagic/0,false,47,1,1,0,1,1,1,3,1,0,0,1,0,0,0,0,0,0,0,0,0,0,0,0,0,0,5,1,0,false
C:\ghidra-master\GPL\DMG\src\dmg\java\mobiledevices\dmg\decmpfs\DecmpfsHeader.java,mobiledevices.dmg.decmpfs.DecmpfsHeader,getCompressionType/0,false,51,0,1,1,0,1,0,3,1,0,0,0,0,0,0,0,0,0,0,0,0,0,0,0,0,0,5,1,0,false
C:\ghidra-master\GPL\DMG\src\dmg\java\mobiledevices\dmg\decmpfs\DecmpfsHeader.java,mobiledevices.dmg.decmpfs.DecmpfsHeader,getUncompressedSize/0,false,55,0,3,3,0,1,0,3,1,0,0,0,0,0,0,0,0,0,0,0,0,0,0,0,0,0,5,1,0,false
C:\ghidra-master\GPL\DMG\src\dmg\java\mobiledevices\dmg\decmpfs\DecmpfsHeader.java,mobiledevices.dmg.decmpfs.DecmpfsHeader,getAttrBytes/0,false,59,1,1,1,0,1,0,3,1,0,0,0,0,0,0,0,0,0,0,0,0,0,0,0,0,0,5,1,0,false
C:\ghidra-master\GPL\DMG\src\dmg\java\mobiledevices\dmg\ghidra\GRandomAccessFile.java,mobiledevices.dmg.ghidra.GRandomAccessFile,write/1[byte],false,223,2,3,1,2,1,2,4,0,0,1,2,2,2,0,0,0,0,0,2,0,0,0,0,0,0,17,1,0,true
C:\ghidra-master\GPL\DMG\src\dmg\java\mobiledevices\dmg\ghidra\GRandomAccessFile.java,mobiledevices.dmg.ghidra.GRandomAccessFile,close/0,false,99,1,2,1,1,1,2,5,0,0,0,2,1,1,0,0,0,0,0,0,1,0,0,0,0,0,38,1,0,true
C:\ghidra-master\GPL\DMG\src\dmg\java\mobiledevices\dmg\ghidra\GRandomAccessFile.java,mobiledevices.dmg.ghidra.GRandomAccessFile,length/0,false,110,1,3,2,1,1,2,4,1,0,0,2,1,1,0,0,0,0,0,0,0,0,0,0,0,0,13,1,0,true
C:\ghidra-master\GPL\DMG\src\dmg\java\mobiledevices\dmg\ghidra\GRandomAccessFile.java,mobiledevices.dmg.ghidra.GRandomAccessFile,read/1[byte[]],false,177,2,3,1,2,1,2,4,1,0,1,2,2,5,0,0,0,0,0,1,0,0,0,0,0,0,41,1,0,true
C:\ghidra-master\GPL\DMG\src\dmg\java\mobiledevices\dmg\ghidra\GRandomAccessFile.java,mobiledevices.dmg.ghidra.GRandomAccessFile,write/1[byte[]],false,234,2,3,1,2,1,2,4,0,0,1,2,2,2,0,0,0,0,0,1,0,0,0,0,0,0,21,1,0,true
C:\ghidra-master\GPL\DMG\src\dmg\java\mobiledevices\dmg\ghidra\GRandomAccessFile.java,mobiledevices.dmg.ghidra.GRandomAccessFile,"GRandomAccessFile/2[java.io.File,java.lang.String]",true,78,0,2,2,0,1,0,4,0,0,2,0,0,0,0,0,0,0,0,0,2,0,0,0,0,0,106,1,0,true
C:\ghidra-master\GPL\DMG\src\dmg\java\mobiledevices\dmg\ghidra\GRandomAccessFile.java,mobiledevices.dmg.ghidra.GRandomAccessFile,"read/3[byte[],int,int]",false,195,2,4,1,3,5,4,22,1,2,3,4,3,4,1,0,0,2,0,3,6,3,3,0,0,0,60,1,0,true
C:\ghidra-master\GPL\DMG\src\dmg\java\mobiledevices\dmg\ghidra\GRandomAccessFile.java,mobiledevices.dmg.ghidra.GRandomAccessFile,swapInLast/0,false,286,2,3,2,1,2,1,15,1,3,0,1,1,1,0,1,0,0,0,0,9,0,1,0,0,0,20,2,0,false
C:\ghidra-master\GPL\DMG\src\dmg\java\mobiledevices\dmg\ghidra\GRandomAccessFile.java,mobiledevices.dmg.ghidra.GRandomAccessFile,seek/1[long],false,129,1,7,5,2,6,2,15,0,0,1,2,2,2,0,0,0,0,1,2,4,3,2,0,0,0,70,1,0,true
C:\ghidra-master\GPL\DMG\src\dmg\java\mobiledevices\dmg\ghidra\GRandomAccessFile.java,mobiledevices.dmg.ghidra.GRandomAccessFile,readByte/0,false,160,1,3,1,2,1,2,5,1,0,0,2,2,3,0,0,0,0,0,1,0,0,0,0,0,0,36,1,0,true
C:\ghidra-master\GPL\DMG\src\dmg\java\mobiledevices\dmg\ghidra\GRandomAccessFile.java,mobiledevices.dmg.ghidra.GRandomAccessFile,finalize/0,false,84,0,0,0,0,2,0,4,0,0,0,0,0,0,0,0,0,0,0,0,0,0,1,0,0,0,2,4,0,false
C:\ghidra-master\GPL\DMG\src\dmg\java\mobiledevices\dmg\ghidra\GRandomAccessFile.java,mobiledevices.dmg.ghidra.GRandomAccessFile,ensure/1[int],false,259,2,4,2,2,5,4,20,0,4,1,4,2,2,0,0,0,2,0,1,8,6,2,0,0,0,39,2,0,true
C:\ghidra-master\GPL\DMG\src\dmg\java\mobiledevices\dmg\ghidra\GRandomAccessFile.java,mobiledevices.dmg.ghidra.GRandomAccessFile,"write/3[byte[],int,int]",false,246,2,3,2,1,1,2,8,0,0,3,2,1,1,0,0,0,0,0,2,4,0,0,0,0,0,39,1,0,true
C:\ghidra-master\GPL\DMG\src\dmg\java\mobiledevices\dmg\ghidra\GRandomAccessFile.java,mobiledevices.dmg.ghidra.GRandomAccessFile,checkOpen/0,false,29,0,11,11,0,2,0,5,0,0,0,0,0,0,0,0,0,0,1,0,0,0,1,0,0,0,7,2,0,false
C:\ghidra-master\GPL\DMG\src\dmg\java\mobiledevices\dmg\ghidra\GConv.java,mobiledevices.dmg.ghidra.GConv,toHexString/1[int],false,107,1,1,0,1,1,2,3,1,0,1,2,1,1,0,0,0,0,0,1,0,0,0,0,0,0,14,9,0,true
C:\ghidra-master\GPL\DMG\src\dmg\java\mobiledevices\dmg\ghidra\GConv.java,mobiledevices.dmg.ghidra.GConv,shortToInt/1[short],false,59,0,1,1,0,1,0,3,1,0,1,0,0,0,0,0,0,1,0,0,0,0,0,0,0,0,21,9,0,true
C:\ghidra-master\GPL\DMG\src\dmg\java\mobiledevices\dmg\ghidra\GConv.java,mobiledevices.dmg.ghidra.GConv,shortToLong/1[short],false,67,1,1,0,1,1,1,3,1,0,1,1,1,1,0,0,0,0,0,0,0,0,0,0,0,0,20,9,0,true
C:\ghidra-master\GPL\DMG\src\dmg\java\mobiledevices\dmg\ghidra\GConv.java,mobiledevices.dmg.ghidra.GConv,toHexString/1[short],false,99,1,2,0,2,1,3,3,1,0,1,3,2,1,0,0,0,0,0,1,0,0,0,0,0,0,15,9,0,true
C:\ghidra-master\GPL\DMG\src\dmg\java\mobiledevices\dmg\ghidra\GConv.java,mobiledevices.dmg.ghidra.GConv,toHexString/1[byte],false,91,1,2,0,2,1,3,3,1,0,1,3,2,1,0,0,0,0,0,1,0,0,0,0,0,0,15,9,0,true
C:\ghidra-master\GPL\DMG\src\dmg\java\mobiledevices\dmg\ghidra\GConv.java,mobiledevices.dmg.ghidra.GConv,"zeropad/2[java.lang.String,int]",false,126,0,4,4,0,3,3,9,1,3,2,3,0,0,1,1,0,0,1,2,4,1,1,0,0,0,29,9,0,true
C:\ghidra-master\GPL\DMG\src\dmg\java\mobiledevices\dmg\ghidra\GConv.java,mobiledevices.dmg.ghidra.GConv,byteToLong/1[byte],false,51,1,1,0,1,1,1,3,1,0,1,1,1,1,0,0,0,0,0,0,0,0,0,0,0,0,20,9,0,true
C:\ghidra-master\GPL\DMG\src\dmg\java\mobiledevices\dmg\ghidra\GConv.java,mobiledevices.dmg.ghidra.GConv,intToLong/1[int],false,75,0,2,2,0,1,0,3,1,0,1,0,0,0,0,0,0,1,0,0,0,0,0,0,0,0,20,9,0,true
C:\ghidra-master\GPL\DMG\src\dmg\java\mobiledevices\dmg\ghidra\GConv.java,mobiledevices.dmg.ghidra.GConv,toString/1[byte[]],false,79,1,0,0,0,2,2,7,1,1,1,2,0,0,1,0,0,0,0,0,1,0,1,0,0,0,6,9,0,false
C:\ghidra-master\GPL\DMG\src\dmg\java\mobiledevices\dmg\ghidra\GConv.java,mobiledevices.dmg.ghidra.GConv,byteToShort/1[byte],false,35,0,0,0,0,1,0,3,1,0,1,0,0,0,0,0,0,1,0,0,0,0,0,0,0,0,19,9,0,true
C:\ghidra-master\GPL\DMG\src\dmg\java\mobiledevices\dmg\ghidra\GConv.java,mobiledevices.dmg.ghidra.GConv,byteToInt/1[byte],false,43,0,1,1,0,1,0,3,1,0,1,0,0,0,0,0,0,1,0,0,0,0,0,0,0,0,21,9,0,true
C:\ghidra-master\GPL\DMG\src\dmg\java\mobiledevices\dmg\ghidra\GConv.java,mobiledevices.dmg.ghidra.GConv,GConv/0,true,15,0,0,0,0,1,0,2,0,0,0,0,0,0,0,0,0,0,0,0,0,0,0,0,0,0,2,2,0,false
C:\ghidra-master\GPL\DMG\src\dmg\java\mobiledevices\dmg\ghidra\GConv.java,mobiledevices.dmg.ghidra.GConv,toHexString/1[long],false,115,1,1,0,1,1,2,3,1,0,1,2,1,1,0,0,0,0,0,1,0,0,0,0,0,0,12,9,0,true
C:\ghidra-master\GPL\DMG\src\dmg\java\mobiledevices\dmg\ghidra\GSystemUtilities.java,mobiledevices.dmg.ghidra.GSystemUtilities,"isEqual/2[java.lang.Object,java.lang.Object]",false,9,0,0,0,0,2,1,6,2,0,2,1,0,0,0,2,0,1,0,0,0,0,1,0,0,0,6,9,0,false
C:\ghidra-master\GPL\DMG\src\dmg\java\mobiledevices\dmg\btree\BTreeNodeDescriptor.java,mobiledevices.dmg.btree.BTreeNodeDescriptor,"readRecords/2[mobiledevices.dmg.ghidra.GBinaryReader,long]",false,51,3,5,1,4,2,5,9,0,4,2,5,2,1,1,0,0,1,0,2,4,1,1,0,0,0,22,4,0,false
C:\ghidra-master\GPL\DMG\src\dmg\java\mobiledevices\dmg\btree\BTreeNodeDescriptor.java,mobiledevices.dmg.btree.BTreeNodeDescriptor,getReserved/0,false,119,0,0,0,0,1,0,3,1,0,0,0,0,0,0,0,0,0,0,0,0,0,0,0,0,0,6,1,0,true
C:\ghidra-master\GPL\DMG\src\dmg\java\mobiledevices\dmg\btree\BTreeNodeDescriptor.java,mobiledevices.dmg.btree.BTreeNodeDescriptor,getRecords/0,false,68,1,1,1,0,1,0,3,1,0,0,0,0,0,0,0,0,0,0,0,0,0,0,0,0,0,3,1,0,false
C:\ghidra-master\GPL\DMG\src\dmg\java\mobiledevices\dmg\btree\BTreeNodeDescriptor.java,mobiledevices.dmg.btree.BTreeNodeDescriptor,getBLink/0,false,86,0,0,0,0,1,0,3,1,0,0,0,0,0,0,0,0,0,0,0,0,0,0,0,0,0,14,1,0,true
C:\ghidra-master\GPL\DMG\src\dmg\java\mobiledevices\dmg\btree\BTreeNodeDescriptor.java,mobiledevices.dmg.btree.BTreeNodeDescriptor,getKind/0,false,95,0,1,1,0,1,0,3,1,0,0,0,0,0,0,0,0,0,0,0,0,0,0,0,0,0,12,1,0,true
C:\ghidra-master\GPL\DMG\src\dmg\java\mobiledevices\dmg\btree\BTreeNodeDescriptor.java,mobiledevices.dmg.btree.BTreeNodeDescriptor,getNumRecords/0,false,111,0,1,1,0,1,0,3,1,0,0,0,0,0,0,0,0,0,0,0,0,0,0,0,0,0,11,1,0,true
C:\ghidra-master\GPL\DMG\src\dmg\java\mobiledevices\dmg\btree\BTreeNodeDescriptor.java,mobiledevices.dmg.btree.BTreeNodeDescriptor,BTreeNodeDescriptor/1[mobiledevices.dmg.ghidra.GBinaryReader],true,29,1,4,1,3,1,3,8,0,0,1,3,0,0,0,0,0,0,0,0,6,0,0,0,0,0,11,0,0,false
C:\ghidra-master\GPL\DMG\src\dmg\java\mobiledevices\dmg\btree\BTreeNodeDescriptor.java,mobiledevices.dmg.btree.BTreeNodeDescriptor,"readRecordOffsets/3[mobiledevices.dmg.ghidra.GBinaryReader,long,mobiledevices.dmg.btree.BTreeHeaderRecord]",false,39,2,3,1,2,3,3,11,0,2,3,3,0,0,1,1,0,0,0,3,3,3,2,0,0,0,17,4,0,false
C:\ghidra-master\GPL\DMG\src\dmg\java\mobiledevices\dmg\btree\BTreeNodeDescriptor.java,mobiledevices.dmg.btree.BTreeNodeDescriptor,getFLink/0,false,77,0,0,0,0,1,0,3,1,0,0,0,0,0,0,0,0,0,0,0,0,0,0,0,0,0,14,1,0,true
C:\ghidra-master\GPL\DMG\src\dmg\java\mobiledevices\dmg\btree\BTreeNodeDescriptor.java,mobiledevices.dmg.btree.BTreeNodeDescriptor,getHeight/0,false,103,0,0,0,0,1,0,3,1,0,0,0,0,0,0,0,0,0,0,0,0,0,0,0,0,0,12,1,0,true
C:\ghidra-master\GPL\DMG\src\dmg\java\mobiledevices\dmg\btree\BTreeNodeDescriptor.java,mobiledevices.dmg.btree.BTreeNodeDescriptor,getRecordOffsets/0,false,64,0,1,1,0,1,0,3,1,0,0,0,0,0,0,0,0,0,0,0,0,0,0,0,0,0,4,1,0,false
C:\ghidra-master\GPL\DMG\src\dmg\java\mobiledevices\dmg\reader\DmgFileReader.java,mobiledevices.dmg.reader.DmgFileReader,open/0,false,46,9,4,1,3,6,12,31,0,6,0,12,2,1,1,1,0,0,5,0,9,0,1,0,0,0,37,1,0,false
C:\ghidra-master\GPL\DMG\src\dmg\java\mobiledevices\dmg\reader\DmgFileReader.java,mobiledevices.dmg.reader.DmgFileReader,"decompressResourceFork/3[mobiledevices.dmg.reader.FSEntry,mobiledevices.dmg.reader.ReadableRandomAccessStream,int]",false,220,7,7,1,6,3,11,22,1,12,3,11,0,0,1,1,0,0,2,8,12,3,1,0,0,0,35,2,0,false
C:\ghidra-master\GPL\DMG\src\dmg\java\mobiledevices\dmg\reader\DmgFileReader.java,mobiledevices.dmg.reader.DmgFileReader,getFileByPath/1[java.lang.String],false,331,2,4,3,1,5,3,12,3,1,1,3,1,1,1,2,0,0,1,0,1,0,2,0,0,0,31,1,0,true
C:\ghidra-master\GPL\DMG\src\dmg\java\mobiledevices\dmg\reader\DmgFileReader.java,mobiledevices.dmg.reader.DmgFileReader,getListing/1[java.lang.String],false,264,2,2,1,1,7,7,20,1,3,1,7,1,2,2,2,0,0,1,0,3,0,4,0,0,0,18,1,0,false
C:\ghidra-master\GPL\DMG\src\dmg\java\mobiledevices\dmg\reader\DmgFileReader.java,mobiledevices.dmg.reader.DmgFileReader,getLength/1[mobiledevices.dmg.reader.FSEntry],false,289,4,3,1,2,7,6,20,4,2,1,6,0,0,0,3,1,0,0,3,2,0,4,0,0,0,29,1,0,true
C:\ghidra-master\GPL\DMG\src\dmg\java\mobiledevices\dmg\reader\DmgFileReader.java,mobiledevices.dmg.reader.DmgFileReader,convertPathToArrayAndStripFileSystemName/1[java.lang.String],false,317,0,3,3,0,2,2,9,2,2,1,2,0,0,0,0,0,0,1,6,2,2,1,0,0,0,28,1,0,true
C:\ghidra-master\GPL\DMG\src\dmg\java\mobiledevices\dmg\reader\DmgFileReader.java,mobiledevices.dmg.reader.DmgFileReader,openPartition/1[mobiledevices.dmg.reader.Partition],false,92,11,2,1,1,10,12,44,0,9,1,12,0,0,0,3,0,0,1,1,14,0,2,0,0,0,42,2,0,false
C:\ghidra-master\GPL\DMG\src\dmg\java\mobiledevices\dmg\reader\DmgFileReader.java,mobiledevices.dmg.reader.DmgFileReader,getInfo/1[java.lang.String],false,256,1,3,1,2,2,1,7,2,1,1,1,0,0,0,1,0,0,0,0,1,0,1,0,0,0,7,1,0,false
C:\ghidra-master\GPL\DMG\src\dmg\java\mobiledevices\dmg\reader\DmgFileReader.java,mobiledevices.dmg.reader.DmgFileReader,getData/1[mobiledevices.dmg.reader.FSEntry],false,166,10,10,1,9,11,15,37,7,10,1,15,1,1,0,8,0,0,0,7,10,1,4,0,0,0,39,1,0,false
C:\ghidra-master\GPL\DMG\src\dmg\java\mobiledevices\dmg\reader\DmgFileReader.java,mobiledevices.dmg.reader.DmgFileReader,"debug/2[byte[],java.lang.String]",false,88,1,1,1,0,1,0,2,0,0,2,0,0,0,0,0,0,0,0,0,0,0,0,0,0,0,3,2,0,false
C:\ghidra-master\GPL\DMG\src\dmg\java\mobiledevices\dmg\reader\DmgFileReader.java,mobiledevices.dmg.reader.DmgFileReader,close/0,false,151,1,1,0,1,3,3,13,0,0,0,3,0,0,0,1,1,0,0,0,1,0,1,0,0,0,7,1,0,false
C:\ghidra-master\GPL\DMG\src\dmg\java\mobiledevices\dmg\reader\DmgFileReader.java,mobiledevices.dmg.reader.DmgFileReader,DmgFileReader/1[mobiledevices.dmg.ghidra.GByteProvider],true,42,1,1,1,0,1,0,3,0,0,1,0,0,0,0,0,0,0,0,0,1,0,0,0,0,0,7,1,0,false
C:\ghidra-master\GPL\DMG\src\dmg\java\mobiledevices\dmg\ghidra\GDataConverterLE.java,mobiledevices.dmg.ghidra.GDataConverterLE,"getBytes/2[short,byte[]]",false,99,2,3,2,1,1,1,3,0,0,2,1,1,1,0,0,0,0,0,1,0,0,0,0,0,0,3,17,0,true
C:\ghidra-master\GPL\DMG\src\dmg\java\mobiledevices\dmg\ghidra\GDataConverterLE.java,mobiledevices.dmg.ghidra.GDataConverterLE,getLong/1[byte[]],false,60,2,1,0,1,1,1,3,1,0,1,1,1,1,0,0,0,0,0,1,0,0,0,0,0,0,3,17,0,true
C:\ghidra-master\GPL\DMG\src\dmg\java\mobiledevices\dmg\ghidra\GDataConverterLE.java,mobiledevices.dmg.ghidra.GDataConverterLE,"getValue/2[byte[],int]",false,78,2,1,0,1,1,1,3,1,0,2,1,1,1,0,0,0,0,0,1,0,0,0,0,0,0,3,1,0,true
C:\ghidra-master\GPL\DMG\src\dmg\java\mobiledevices\dmg\ghidra\GDataConverterLE.java,mobiledevices.dmg.ghidra.GDataConverterLE,getBytes/1[short],false,216,2,1,0,1,1,1,5,1,1,1,1,1,2,0,0,0,0,0,1,1,0,0,0,0,0,4,1,0,true
C:\ghidra-master\GPL\DMG\src\dmg\java\mobiledevices\dmg\ghidra\GDataConverterLE.java,mobiledevices.dmg.ghidra.GDataConverterLE,"getBytes/3[long,byte[],int]",false,139,2,2,1,1,1,1,3,0,0,3,1,1,1,0,0,0,0,0,1,0,0,0,0,0,0,3,1,0,true
C:\ghidra-master\GPL\DMG\src\dmg\java\mobiledevices\dmg\ghidra\GDataConverterLE.java,mobiledevices.dmg.ghidra.GDataConverterLE,getBytes/1[int],false,198,2,1,0,1,1,1,5,1,1,1,1,1,2,0,0,0,0,0,1,1,0,0,0,0,0,4,1,0,true
C:\ghidra-master\GPL\DMG\src\dmg\java\mobiledevices\dmg\ghidra\GDataConverterLE.java,mobiledevices.dmg.ghidra.GDataConverterLE,GDataConverterLE/0,true,22,0,1,1,0,1,0,2,0,0,0,0,0,0,0,0,0,0,0,0,0,0,0,0,0,0,6,1,0,true
C:\ghidra-master\GPL\DMG\src\dmg\java\mobiledevices\dmg\ghidra\GDataConverterLE.java,mobiledevices.dmg.ghidra.GDataConverterLE,getInt/1[byte[]],false,42,2,1,0,1,1,1,3,1,0,1,1,1,1,0,0,0,0,0,1,0,0,0,0,0,0,3,17,0,true
C:\ghidra-master\GPL\DMG\src\dmg\java\mobiledevices\dmg\ghidra\GDataConverterLE.java,mobiledevices.dmg.ghidra.GDataConverterLE,"putLong/2[byte[],long]",false,177,2,1,0,1,1,1,3,0,0,2,1,1,2,0,0,0,0,0,0,0,0,0,0,0,0,5,17,0,true
C:\ghidra-master\GPL\DMG\src\dmg\java\mobiledevices\dmg\ghidra\GDataConverterLE.java,mobiledevices.dmg.ghidra.GDataConverterLE,"getLong/2[byte[],int]",false,67,1,1,1,0,2,0,7,1,2,2,0,0,0,1,0,0,2,0,5,3,3,1,0,0,0,6,1,0,true
C:\ghidra-master\GPL\DMG\src\dmg\java\mobiledevices\dmg\ghidra\GDataConverterLE.java,mobiledevices.dmg.ghidra.GDataConverterLE,"putShort/2[byte[],short]",false,191,2,1,0,1,1,1,3,0,0,2,1,1,2,0,0,0,0,0,0,0,0,0,0,0,0,5,17,0,true
C:\ghidra-master\GPL\DMG\src\dmg\java\mobiledevices\dmg\ghidra\GDataConverterLE.java,mobiledevices.dmg.ghidra.GDataConverterLE,"getBytes/3[int,byte[],int]",false,121,1,2,2,0,2,0,7,0,1,3,0,0,0,1,0,0,2,0,3,4,1,1,0,0,0,5,1,0,true
C:\ghidra-master\GPL\DMG\src\dmg\java\mobiledevices\dmg\ghidra\GDataConverterLE.java,mobiledevices.dmg.ghidra.GDataConverterLE,"putInt/2[byte[],int]",false,163,2,1,0,1,1,1,3,0,0,2,1,1,2,0,0,0,0,0,0,0,0,0,0,0,0,5,17,0,true
C:\ghidra-master\GPL\DMG\src\dmg\java\mobiledevices\dmg\ghidra\GDataConverterLE.java,mobiledevices.dmg.ghidra.GDataConverterLE,"getShort/2[byte[],int]",false,35,1,1,1,0,1,0,3,1,0,2,0,0,0,0,0,0,4,0,4,0,2,0,0,0,0,4,1,0,true
C:\ghidra-master\GPL\DMG\src\dmg\java\mobiledevices\dmg\ghidra\GDataConverterLE.java,mobiledevices.dmg.ghidra.GDataConverterLE,"getValue/3[byte[],int,int]",false,85,1,1,1,0,3,0,10,1,2,3,0,0,0,1,0,0,2,1,6,3,4,1,0,0,0,13,1,0,true
C:\ghidra-master\GPL\DMG\src\dmg\java\mobiledevices\dmg\ghidra\GDataConverterLE.java,mobiledevices.dmg.ghidra.GDataConverterLE,getShort/1[byte[]],false,28,2,1,0,1,1,1,3,1,0,1,1,1,1,0,0,0,0,0,1,0,0,0,0,0,0,3,17,0,true
C:\ghidra-master\GPL\DMG\src\dmg\java\mobiledevices\dmg\ghidra\GDataConverterLE.java,mobiledevices.dmg.ghidra.GDataConverterLE,"getBytes/2[long,byte[]]",false,132,2,3,2,1,1,1,3,0,0,2,1,1,1,0,0,0,0,0,2,0,0,0,0,0,0,3,17,0,true
C:\ghidra-master\GPL\DMG\src\dmg\java\mobiledevices\dmg\ghidra\GDataConverterLE.java,mobiledevices.dmg.ghidra.GDataConverterLE,"putLong/3[byte[],int,long]",false,170,2,1,0,1,1,1,3,0,0,3,1,1,2,0,0,0,0,0,0,0,0,0,0,0,0,5,17,0,true
C:\ghidra-master\GPL\DMG\src\dmg\java\mobiledevices\dmg\ghidra\GDataConverterLE.java,mobiledevices.dmg.ghidra.GDataConverterLE,"getBytes/4[long,int,byte[],int]",false,146,1,2,2,0,2,0,6,0,1,4,0,0,0,1,0,0,0,0,2,3,1,1,0,0,0,6,1,0,true
C:\ghidra-master\GPL\DMG\src\dmg\java\mobiledevices\dmg\ghidra\GDataConverterLE.java,mobiledevices.dmg.ghidra.GDataConverterLE,"putInt/3[byte[],int,int]",false,156,2,1,0,1,1,1,3,0,0,3,1,1,1,0,0,0,0,0,0,0,0,0,0,0,0,5,17,0,true
C:\ghidra-master\GPL\DMG\src\dmg\java\mobiledevices\dmg\ghidra\GDataConverterLE.java,mobiledevices.dmg.ghidra.GDataConverterLE,getBytes/1[long],false,207,2,1,0,1,1,1,5,1,1,1,1,1,2,0,0,0,0,0,1,1,0,0,0,0,0,4,1,0,true
C:\ghidra-master\GPL\DMG\src\dmg\java\mobiledevices\dmg\ghidra\GDataConverterLE.java,mobiledevices.dmg.ghidra.GDataConverterLE,"getInt/2[byte[],int]",false,49,1,1,1,0,2,0,7,1,2,2,0,0,0,1,0,0,2,0,5,3,3,1,0,0,0,6,1,0,true
C:\ghidra-master\GPL\DMG\src\dmg\java\mobiledevices\dmg\ghidra\GDataConverterLE.java,mobiledevices.dmg.ghidra.GDataConverterLE,"getBytes/2[int,byte[]]",false,114,2,3,2,1,1,1,3,0,0,2,1,1,1,0,0,0,0,0,1,0,0,0,0,0,0,3,17,0,true
C:\ghidra-master\GPL\DMG\src\dmg\java\mobiledevices\dmg\ghidra\GDataConverterLE.java,mobiledevices.dmg.ghidra.GDataConverterLE,"getBytes/3[short,byte[],int]",false,106,1,2,2,0,1,0,4,0,0,3,0,0,0,0,0,0,2,0,3,2,2,0,0,0,0,5,1,0,true
C:\ghidra-master\GPL\DMG\src\dmg\java\mobiledevices\dmg\ghidra\GDataConverterLE.java,mobiledevices.dmg.ghidra.GDataConverterLE,"putShort/3[byte[],int,short]",false,184,2,1,0,1,1,1,3,0,0,3,1,1,1,0,0,0,0,0,0,0,0,0,0,0,0,5,17,0,true
C:\ghidra-master\GPL\DMG\src\dmg\java\mobiledevices\dmg\ghidra\GDataConverter.java,mobiledevices.dmg.ghidra.GDataConverter,"getBytes/2[long,byte[]]",false,123,1,0,0,0,1,0,1,0,0,2,0,0,0,0,0,0,0,0,0,0,0,0,0,0,0,20,1,0,true
C:\ghidra-master\GPL\DMG\src\dmg\java\mobiledevices\dmg\ghidra\GDataConverter.java,mobiledevices.dmg.ghidra.GDataConverter,"putShort/2[byte[],short]",false,173,1,0,0,0,1,0,1,0,0,2,0,0,0,0,0,0,0,0,0,0,0,0,0,0,0,12,1,0,true
C:\ghidra-master\GPL\DMG\src\dmg\java\mobiledevices\dmg\ghidra\GDataConverter.java,mobiledevices.dmg.ghidra.GDataConverter,"getBytes/3[long,byte[],int]",false,132,1,0,0,0,1,0,1,0,0,3,0,0,0,0,0,0,0,0,0,0,0,0,0,0,0,20,1,0,true
C:\ghidra-master\GPL\DMG\src\dmg\java\mobiledevices\dmg\ghidra\GDataConverter.java,mobiledevices.dmg.ghidra.GDataConverter,getShort/1[byte[]],false,17,1,1,1,0,1,0,1,0,0,1,0,0,0,0,0,0,0,0,0,0,0,0,0,0,0,19,1,0,true
C:\ghidra-master\GPL\DMG\src\dmg\java\mobiledevices\dmg\ghidra\GDataConverter.java,mobiledevices.dmg.ghidra.GDataConverter,"putShort/3[byte[],int,short]",false,180,1,0,0,0,1,0,1,0,0,3,0,0,0,0,0,0,0,0,0,0,0,0,0,0,0,16,1,0,true
C:\ghidra-master\GPL\DMG\src\dmg\java\mobiledevices\dmg\ghidra\GDataConverter.java,mobiledevices.dmg.ghidra.GDataConverter,"putInt/3[byte[],int,int]",false,195,1,0,0,0,1,0,1,0,0,3,0,0,0,0,0,0,0,0,0,0,0,0,0,0,0,16,1,0,true
C:\ghidra-master\GPL\DMG\src\dmg\java\mobiledevices\dmg\ghidra\GDataConverter.java,mobiledevices.dmg.ghidra.GDataConverter,getBytes/1[short],false,152,1,1,1,0,1,0,1,0,0,1,0,0,0,0,0,0,0,0,0,0,0,0,0,0,0,12,1,0,true
C:\ghidra-master\GPL\DMG\src\dmg\java\mobiledevices\dmg\ghidra\GDataConverter.java,mobiledevices.dmg.ghidra.GDataConverter,"getValue/2[byte[],int]",false,68,1,0,0,0,1,0,1,0,0,2,0,0,0,0,0,0,0,0,0,0,0,0,0,0,0,27,1,0,true
C:\ghidra-master\GPL\DMG\src\dmg\java\mobiledevices\dmg\ghidra\GDataConverter.java,mobiledevices.dmg.ghidra.GDataConverter,"getBytes/4[long,int,byte[],int]",false,141,1,0,0,0,1,0,1,0,0,4,0,0,0,0,0,0,0,0,0,0,0,0,0,0,0,30,1,0,true
C:\ghidra-master\GPL\DMG\src\dmg\java\mobiledevices\dmg\ghidra\GDataConverter.java,mobiledevices.dmg.ghidra.GDataConverter,getBytes/1[int],false,159,1,1,1,0,1,0,1,0,0,1,0,0,0,0,0,0,0,0,0,0,0,0,0,0,0,12,1,0,true
C:\ghidra-master\GPL\DMG\src\dmg\java\mobiledevices\dmg\ghidra\GDataConverter.java,mobiledevices.dmg.ghidra.GDataConverter,getBytes/1[long],false,166,1,1,1,0,1,0,1,0,0,1,0,0,0,0,0,0,0,0,0,0,0,0,0,0,0,12,1,0,true
C:\ghidra-master\GPL\DMG\src\dmg\java\mobiledevices\dmg\ghidra\GDataConverter.java,mobiledevices.dmg.ghidra.GDataConverter,"getInt/2[byte[],int]",false,42,1,0,0,0,1,0,1,0,0,2,0,0,0,0,0,0,0,0,0,0,0,0,0,0,0,22,1,0,true
C:\ghidra-master\GPL\DMG\src\dmg\java\mobiledevices\dmg\ghidra\GDataConverter.java,mobiledevices.dmg.ghidra.GDataConverter,"getBytes/2[int,byte[]]",false,105,1,0,0,0,1,0,1,0,0,2,0,0,0,0,0,0,0,0,0,0,0,0,0,0,0,20,1,0,true
C:\ghidra-master\GPL\DMG\src\dmg\java\mobiledevices\dmg\ghidra\GDataConverter.java,mobiledevices.dmg.ghidra.GDataConverter,"putLong/3[byte[],int,long]",false,210,1,0,0,0,1,0,1,0,0,3,0,0,0,0,0,0,0,0,0,0,0,0,0,0,0,16,1,0,true
C:\ghidra-master\GPL\DMG\src\dmg\java\mobiledevices\dmg\ghidra\GDataConverter.java,mobiledevices.dmg.ghidra.GDataConverter,"putLong/2[byte[],long]",false,203,1,0,0,0,1,0,1,0,0,2,0,0,0,0,0,0,0,0,0,0,0,0,0,0,0,12,1,0,true
C:\ghidra-master\GPL\DMG\src\dmg\java\mobiledevices\dmg\ghidra\GDataConverter.java,mobiledevices.dmg.ghidra.GDataConverter,"putInt/2[byte[],int]",false,188,1,0,0,0,1,0,1,0,0,2,0,0,0,0,0,0,0,0,0,0,0,0,0,0,0,12,1,0,true
C:\ghidra-master\GPL\DMG\src\dmg\java\mobiledevices\dmg\ghidra\GDataConverter.java,mobiledevices.dmg.ghidra.GDataConverter,"getBytes/3[short,byte[],int]",false,96,1,0,0,0,1,0,1,0,0,3,0,0,0,0,0,0,0,0,0,0,0,0,0,0,0,20,1,0,true
C:\ghidra-master\GPL\DMG\src\dmg\java\mobiledevices\dmg\ghidra\GDataConverter.java,mobiledevices.dmg.ghidra.GDataConverter,"getBytes/3[int,byte[],int]",false,114,1,0,0,0,1,0,1,0,0,3,0,0,0,0,0,0,0,0,0,0,0,0,0,0,0,20,1,0,true
C:\ghidra-master\GPL\DMG\src\dmg\java\mobiledevices\dmg\ghidra\GDataConverter.java,mobiledevices.dmg.ghidra.GDataConverter,getInt/1[byte[]],false,34,1,2,2,0,1,0,1,0,0,1,0,0,0,0,0,0,0,0,0,0,0,0,0,0,0,19,1,0,true
C:\ghidra-master\GPL\DMG\src\dmg\java\mobiledevices\dmg\ghidra\GDataConverter.java,mobiledevices.dmg.ghidra.GDataConverter,getLong/1[byte[]],false,51,1,1,1,0,1,0,1,0,0,1,0,0,0,0,0,0,0,0,0,0,0,0,0,0,0,19,1,0,true
C:\ghidra-master\GPL\DMG\src\dmg\java\mobiledevices\dmg\ghidra\GDataConverter.java,mobiledevices.dmg.ghidra.GDataConverter,"getBytes/2[short,byte[]]",false,87,1,0,0,0,1,0,1,0,0,2,0,0,0,0,0,0,0,0,0,0,0,0,0,0,0,20,1,0,true
C:\ghidra-master\GPL\DMG\src\dmg\java\mobiledevices\dmg\ghidra\GDataConverter.java,mobiledevices.dmg.ghidra.GDataConverter,"getShort/2[byte[],int]",false,25,1,0,0,0,1,0,1,0,0,2,0,0,0,0,0,0,0,0,0,0,0,0,0,0,0,22,1,0,true
C:\ghidra-master\GPL\DMG\src\dmg\java\mobiledevices\dmg\ghidra\GDataConverter.java,mobiledevices.dmg.ghidra.GDataConverter,"getLong/2[byte[],int]",false,59,1,0,0,0,1,0,1,0,0,2,0,0,0,0,0,0,0,0,0,0,0,0,0,0,0,22,1,0,true
C:\ghidra-master\GPL\DMG\src\dmg\java\mobiledevices\dmg\ghidra\GDataConverter.java,mobiledevices.dmg.ghidra.GDataConverter,"getValue/3[byte[],int,int]",false,77,1,0,0,0,1,0,1,0,0,3,0,0,0,0,0,0,0,0,0,0,0,0,0,0,0,32,1,0,true
C:\ghidra-master\GPL\DMG\src\dmg\java\mobiledevices\dmg\reader\DmgInfoGenerator.java,mobiledevices.dmg.reader.DmgInfoGenerator,"appendDateInformation/2[mobiledevices.dmg.reader.FSAttributes,java.util.List<java.lang.String>]",false,166,1,1,1,0,6,12,17,0,0,2,12,0,0,0,0,0,0,5,0,0,5,1,0,0,0,8,2,0,false
C:\ghidra-master\GPL\DMG\src\dmg\java\mobiledevices\dmg\reader\DmgInfoGenerator.java,mobiledevices.dmg.reader.DmgInfoGenerator,"calculateFolderSize/2[mobiledevices.dmg.reader.FSFolder,mobiledevices.dmg.reader.ObjectContainer<java.lang.Long>]",false,203,6,3,2,1,5,6,17,0,1,2,6,1,0,1,0,0,1,2,0,3,1,2,0,0,0,14,2,0,false
C:\ghidra-master\GPL\DMG\src\dmg\java\mobiledevices\dmg\reader\DmgInfoGenerator.java,mobiledevices.dmg.reader.DmgInfoGenerator,"appendPosixInformation/2[mobiledevices.dmg.reader.FSAttributes,java.util.List<java.lang.String>]",false,138,2,1,1,0,2,6,8,0,1,2,6,0,0,0,0,0,0,3,0,1,3,1,0,0,0,15,2,0,false
C:\ghidra-master\GPL\DMG\src\dmg\java\mobiledevices\dmg\reader\DmgInfoGenerator.java,mobiledevices.dmg.reader.DmgInfoGenerator,getInformation/0,false,41,10,10,1,9,13,20,69,2,11,0,20,6,2,2,4,1,0,34,0,11,21,4,0,0,0,47,0,0,false
C:\ghidra-master\GPL\DMG\src\dmg\java\mobiledevices\dmg\reader\DmgInfoGenerator.java,mobiledevices.dmg.reader.DmgInfoGenerator,"DmgInfoGenerator/3[mobiledevices.dmg.reader.DmgFileReader,java.lang.String,mobiledevices.dmg.hfsplus.AttributesFileParser]",true,34,2,2,1,1,1,1,6,0,0,3,1,0,0,0,0,0,0,0,0,4,0,0,0,0,0,9,0,0,false
C:\ghidra-master\GPL\DMG\src\dmg\java\mobiledevices\dmg\reader\DmgInfoGenerator.java,mobiledevices.dmg.reader.DmgInfoGenerator,"appendWindowsInformation/2[mobiledevices.dmg.reader.FSAttributes,java.util.List<java.lang.String>]",false,147,2,1,1,0,2,16,18,0,1,2,16,0,0,0,0,0,0,13,0,1,13,1,0,0,0,10,2,0,false
C:\ghidra-master\GPL\DMG\src\dmg\java\mobiledevices\dmg\reader\DmgInfoGenerator.java,mobiledevices.dmg.reader.DmgInfoGenerator,"appendFileID/2[java.util.List<java.lang.String>,mobiledevices.dmg.reader.FSFile]",false,123,5,1,1,0,2,7,13,0,5,2,7,0,0,0,0,1,0,2,0,5,2,1,0,0,0,19,2,0,false
C:\ghidra-master\GPL\DMG\src\dmg\java\mobiledevices\dmg\reader\DmgInfoGenerator.java,mobiledevices.dmg.reader.DmgInfoGenerator,getSizeString/1[long],false,184,0,2,2,0,1,1,4,1,1,1,1,0,0,0,0,0,0,1,0,1,1,0,0,0,0,5,2,0,false
C:\ghidra-master\GPL\DMG\src\dmg\java\mobiledevices\dmg\reader\DmgInfoGenerator.java,mobiledevices.dmg.reader.DmgInfoGenerator,startFolderSizeCalculation/1[mobiledevices.dmg.reader.FSFolder],false,189,3,3,1,2,2,3,13,1,2,1,3,2,1,0,0,1,0,1,1,3,0,1,0,0,0,17,2,0,false
C:\ghidra-master\GPL\DMG\src\dmg\java\mobiledevices\dmg\ghidra\GFileUtilityMethods.java,mobiledevices.dmg.ghidra.GFileUtilityMethods,"writeTemporaryFile/2[java.io.InputStream,int]",false,18,1,2,2,0,4,5,24,1,5,2,5,0,0,1,1,1,0,0,4,6,0,3,0,0,0,20,25,0,false
C:\ghidra-master\GPL\DMG\src\dmg\java\mobiledevices\dmg\ghidra\GFileUtilityMethods.java,mobiledevices.dmg.ghidra.GFileUtilityMethods,writeTemporaryFile/1[java.io.InputStream],false,14,1,3,2,1,1,1,3,1,0,1,1,1,1,0,0,0,0,0,0,0,0,0,0,0,0,9,25,0,false
C:\ghidra-master\GPL\DMG\src\dmg\java\mobiledevices\dmg\ghidra\GFileUtilityMethods.java,mobiledevices.dmg.ghidra.GFileUtilityMethods,"writeTemporaryFile/2[byte[],java.lang.String]",false,43,1,1,1,0,4,5,20,1,3,2,5,0,0,1,1,1,0,0,2,5,1,2,0,0,0,29,25,0,false
C:\ghidra-master\GPL\DMG\src\dmg\java\mobiledevices\dmg\btree\BTreeUserDataRecord.java,mobiledevices.dmg.btree.BTreeUserDataRecord,getUnused/0,false,23,1,0,0,0,1,0,3,1,0,0,0,0,0,0,0,0,0,0,0,0,0,0,0,0,0,3,1,0,false
C:\ghidra-master\GPL\DMG\src\dmg\java\mobiledevices\dmg\btree\BTreeUserDataRecord.java,mobiledevices.dmg.btree.BTreeUserDataRecord,BTreeUserDataRecord/1[mobiledevices.dmg.ghidra.GBinaryReader],true,19,1,2,1,1,1,1,3,0,0,1,1,0,0,0,0,0,0,0,1,1,0,0,0,0,0,12,0,0,false
C:\ghidra-master\GPL\DMG\src\dmg\java\mobiledevices\dmg\hfsplus\AttributesFileParser.java,mobiledevices.dmg.hfsplus.AttributesFileParser,"AttributesFileParser/2[mobiledevices.dmg.hfsplus.HFSXFileSystemHandler,java.lang.String]",true,34,8,5,1,4,2,5,12,1,5,2,5,1,1,0,1,0,0,2,1,7,1,1,0,0,0,37,1,0,false
C:\ghidra-master\GPL\DMG\src\dmg\java\mobiledevices\dmg\hfsplus\AttributesFileParser.java,mobiledevices.dmg.hfsplus.AttributesFileParser,"writeVolumeHeaderFile/3[mobiledevices.dmg.hfsplus.ImplHFSXFileSystemView,mobiledevices.dmg.hfsplus.HFSPlusForkData,java.lang.String]",false,75,4,1,1,0,2,6,18,2,3,3,6,0,0,0,1,1,0,3,0,3,1,1,1,0,0,28,2,0,false
C:\ghidra-master\GPL\DMG\src\dmg\java\mobiledevices\dmg\hfsplus\AttributesFileParser.java,mobiledevices.dmg.hfsplus.AttributesFileParser,getDecmpfsHeader/1[mobiledevices.dmg.hfsplus.FSFile],false,94,6,8,3,5,8,7,24,5,2,1,7,1,1,2,5,0,0,0,1,2,0,4,0,0,0,21,1,0,false
C:\ghidra-master\GPL\DMG\src\dmg\java\mobiledevices\dmg\hfsplus\AttributesFileParser.java,mobiledevices.dmg.hfsplus.AttributesFileParser,dispose/0,false,54,1,2,1,1,1,2,4,0,0,0,2,0,0,0,0,0,0,0,0,0,0,0,0,0,0,4,1,0,false
C:\ghidra-master\GPL\DMG\src\dmg\java\mobiledevices\dmg\hfsplus\AttributesFileParser.java,mobiledevices.dmg.hfsplus.AttributesFileParser,getFileID/1[mobiledevices.dmg.hfsplus.FSFile],false,59,5,1,1,0,2,4,13,2,5,1,4,0,0,0,0,1,0,0,1,5,0,1,0,0,0,17,2,0,false
C:\ghidra-master\GPL\DMG\src\dmg\java\mobiledevices\dmg\ghidra\GBinaryReader.java,mobiledevices.dmg.ghidra.GBinaryReader,readAsciiString/1[long],false,468,1,3,2,1,4,4,13,1,2,1,4,0,0,1,0,0,2,0,2,2,0,2,0,0,0,31,1,0,true
C:\ghidra-master\GPL\DMG\src\dmg\java\mobiledevices\dmg\ghidra\GBinaryReader.java,mobiledevices.dmg.ghidra.GBinaryReader,readUnicodeString/1[long],false,508,2,3,1,2,3,5,15,1,3,1,5,1,1,1,1,0,4,0,7,6,1,2,0,0,0,35,1,0,true
C:\ghidra-master\GPL\DMG\src\dmg\java\mobiledevices\dmg\ghidra\GBinaryReader.java,mobiledevices.dmg.ghidra.GBinaryReader,peekNextInt/0,false,192,1,1,0,1,1,1,3,1,0,0,1,1,1,0,0,0,0,0,0,0,0,0,0,0,0,19,1,0,true
C:\ghidra-master\GPL\DMG\src\dmg\java\mobiledevices\dmg\ghidra\GBinaryReader.java,mobiledevices.dmg.ghidra.GBinaryReader,readNextUnicodeString/1[int],false,347,1,1,0,1,1,1,5,1,1,1,1,1,1,0,0,0,1,0,1,2,1,0,0,0,0,25,1,0,true
C:\ghidra-master\GPL\DMG\src\dmg\java\mobiledevices\dmg\ghidra\GBinaryReader.java,mobiledevices.dmg.ghidra.GBinaryReader,getPointerIndex/0,false,162,0,2,2,0,1,0,3,1,0,0,0,0,0,0,0,0,0,0,0,0,0,0,0,0,0,8,1,0,true
C:\ghidra-master\GPL\DMG\src\dmg\java\mobiledevices\dmg\ghidra\GBinaryReader.java,mobiledevices.dmg.ghidra.GBinaryReader,readNextByte/0,false,212,1,4,3,1,1,1,5,1,1,0,1,1,1,0,0,0,0,0,0,2,0,0,0,0,0,29,1,0,true
C:\ghidra-master\GPL\DMG\src\dmg\java\mobiledevices\dmg\ghidra\GBinaryReader.java,mobiledevices.dmg.ghidra.GBinaryReader,"readIntArray/5[long,int,int,int,java.lang.Integer[]]",false,726,2,3,1,2,2,2,7,1,2,5,2,2,2,1,0,0,0,0,1,3,0,1,0,0,0,31,1,0,true
C:\ghidra-master\GPL\DMG\src\dmg\java\mobiledevices\dmg\ghidra\GBinaryReader.java,mobiledevices.dmg.ghidra.GBinaryReader,setPointerIndex/1[long],false,154,0,1,1,0,1,0,3,0,0,1,0,0,0,0,0,0,0,0,0,1,0,0,0,0,0,20,1,0,true
C:\ghidra-master\GPL\DMG\src\dmg\java\mobiledevices\dmg\ghidra\GBinaryReader.java,mobiledevices.dmg.ghidra.GBinaryReader,"readUnicodeString/2[long,int]",false,533,1,2,1,1,2,4,10,1,3,2,4,0,0,1,0,0,4,0,7,6,2,1,0,0,0,34,1,0,true
C:\ghidra-master\GPL\DMG\src\dmg\java\mobiledevices\dmg\ghidra\GBinaryReader.java,mobiledevices.dmg.ghidra.GBinaryReader,readNextInt/0,false,260,1,5,4,1,1,1,5,1,1,0,1,1,1,0,0,0,0,0,0,2,0,0,0,0,0,29,1,0,true
C:\ghidra-master\GPL\DMG\src\dmg\java\mobiledevices\dmg\ghidra\GBinaryReader.java,mobiledevices.dmg.ghidra.GBinaryReader,setPointerIndex/1[int],false,143,0,1,1,0,1,0,3,0,0,1,0,0,0,0,0,0,0,0,0,1,0,0,0,0,0,11,1,0,true
C:\ghidra-master\GPL\DMG\src\dmg\java\mobiledevices\dmg\ghidra\GBinaryReader.java,mobiledevices.dmg.ghidra.GBinaryReader,"readNextLongArray/4[int,long,long,java.lang.Long[]]",false,451,2,1,0,1,1,1,5,1,1,4,1,1,3,0,0,0,1,0,0,2,1,0,0,0,0,37,1,0,true
C:\ghidra-master\GPL\DMG\src\dmg\java\mobiledevices\dmg\ghidra\GBinaryReader.java,mobiledevices.dmg.ghidra.GBinaryReader,isLittleEndian/0,false,73,2,2,2,0,1,0,3,1,0,0,0,0,0,0,0,0,0,0,0,0,0,0,0,0,0,21,1,0,true
C:\ghidra-master\GPL\DMG\src\dmg\java\mobiledevices\dmg\ghidra\GBinaryReader.java,mobiledevices.dmg.ghidra.GBinaryReader,peekNextShort/0,false,182,1,1,0,1,1,1,3,1,0,0,1,1,1,0,0,0,0,0,0,0,0,0,0,0,0,18,1,0,true
C:\ghidra-master\GPL\DMG\src\dmg\java\mobiledevices\dmg\ghidra\GBinaryReader.java,mobiledevices.dmg.ghidra.GBinaryReader,"writeLong/2[long,long]",false,829,3,2,0,2,1,2,4,0,1,2,2,0,0,0,0,0,0,0,0,1,0,0,0,0,0,20,1,0,true
C:\ghidra-master\GPL\DMG\src\dmg\java\mobiledevices\dmg\ghidra\GBinaryReader.java,mobiledevices.dmg.ghidra.GBinaryReader,"GBinaryReader/2[mobiledevices.dmg.ghidra.GByteProvider,boolean]",true,51,2,3,2,1,1,1,4,0,0,2,1,1,1,0,0,0,0,0,0,1,0,0,0,0,0,33,1,0,true
C:\ghidra-master\GPL\DMG\src\dmg\java\mobiledevices\dmg\ghidra\GBinaryReader.java,mobiledevices.dmg.ghidra.GBinaryReader,setLittleEndian/1[boolean],false,81,2,4,2,2,2,0,8,0,0,1,0,0,0,0,0,0,0,0,0,2,0,1,0,0,0,21,1,0,true
C:\ghidra-master\GPL\DMG\src\dmg\java\mobiledevices\dmg\ghidra\GBinaryReader.java,mobiledevices.dmg.ghidra.GBinaryReader,align/1[int],false,128,0,0,0,0,2,0,8,2,1,1,0,0,0,0,1,0,2,0,2,2,4,1,0,0,0,22,1,0,true
C:\ghidra-master\GPL\DMG\src\dmg\java\mobiledevices\dmg\ghidra\GBinaryReader.java,mobiledevices.dmg.ghidra.GBinaryReader,"readByteArray/2[long,int]",false,639,2,3,2,1,2,1,6,1,0,2,1,0,0,0,0,0,0,1,1,0,1,1,0,0,0,27,1,0,true
C:\ghidra-master\GPL\DMG\src\dmg\java\mobiledevices\dmg\ghidra\GBinaryReader.java,mobiledevices.dmg.ghidra.GBinaryReader,"readNextShort/3[short,short,java.lang.Short[]]",false,248,1,1,0,1,1,1,5,1,1,3,1,1,2,0,0,0,0,0,0,2,0,0,0,0,0,30,1,0,true
C:\ghidra-master\GPL\DMG\src\dmg\java\mobiledevices\dmg\ghidra\GBinaryReader.java,mobiledevices.dmg.ghidra.GBinaryReader,"writeByte/2[long,byte]",false,797,1,1,0,1,1,1,3,0,0,2,1,0,0,0,0,0,0,0,0,0,0,0,0,0,0,19,1,0,true
C:\ghidra-master\GPL\DMG\src\dmg\java\mobiledevices\dmg\ghidra\GBinaryReader.java,mobiledevices.dmg.ghidra.GBinaryReader,readNextIntArray/1[int],false,412,2,2,1,1,1,1,5,1,1,1,1,1,2,0,0,0,1,0,0,2,1,0,0,0,0,35,1,0,true
C:\ghidra-master\GPL\DMG\src\dmg\java\mobiledevices\dmg\ghidra\GBinaryReader.java,mobiledevices.dmg.ghidra.GBinaryReader,readNextShortArray/1[int],false,386,2,1,0,1,1,1,5,1,1,1,1,1,2,0,0,0,1,0,0,2,1,0,0,0,0,36,1,0,true
C:\ghidra-master\GPL\DMG\src\dmg\java\mobiledevices\dmg\ghidra\GBinaryReader.java,mobiledevices.dmg.ghidra.GBinaryReader,"clampLong/4[long,long,long,java.lang.Long[]]",false,929,0,2,2,0,10,0,29,1,2,4,0,0,0,1,4,0,0,2,5,7,2,3,0,0,0,20,4,0,false
C:\ghidra-master\GPL\DMG\src\dmg\java\mobiledevices\dmg\ghidra\GBinaryReader.java,mobiledevices.dmg.ghidra.GBinaryReader,"readNextIntArray/4[int,int,int,java.lang.Integer[]]",false,425,2,1,0,1,1,1,5,1,1,4,1,1,3,0,0,0,1,0,0,2,1,0,0,0,0,36,1,0,true
C:\ghidra-master\GPL\DMG\src\dmg\java\mobiledevices\dmg\ghidra\GBinaryReader.java,mobiledevices.dmg.ghidra.GBinaryReader,"readShort/4[long,short,short,java.lang.Short[]]",false,582,1,3,1,2,1,2,4,1,1,4,2,2,1,0,0,0,0,0,0,1,0,0,0,0,0,22,1,0,true
C:\ghidra-master\GPL\DMG\src\dmg\java\mobiledevices\dmg\ghidra\GBinaryReader.java,mobiledevices.dmg.ghidra.GBinaryReader,readNextLong/0,false,284,1,2,1,1,1,1,5,1,1,0,1,1,1,0,0,0,0,0,0,2,0,0,0,0,0,29,1,0,true
C:\ghidra-master\GPL\DMG\src\dmg\java\mobiledevices\dmg\ghidra\GBinaryReader.java,mobiledevices.dmg.ghidra.GBinaryReader,readNextLongArray/1[int],false,438,2,1,0,1,1,1,5,1,1,1,1,1,2,0,0,0,1,0,0,2,1,0,0,0,0,36,1,0,true
C:\ghidra-master\GPL\DMG\src\dmg\java\mobiledevices\dmg\ghidra\GBinaryReader.java,mobiledevices.dmg.ghidra.GBinaryReader,isValidIndex/1[int],false,106,1,1,0,1,1,1,3,1,0,1,1,0,0,0,0,0,0,0,0,0,0,0,0,0,0,20,1,0,true
C:\ghidra-master\GPL\DMG\src\dmg\java\mobiledevices\dmg\ghidra\GBinaryReader.java,mobiledevices.dmg.ghidra.GBinaryReader,"readNextShortArray/4[int,short,short,java.lang.Short[]]",false,399,2,1,0,1,1,1,5,1,1,4,1,1,3,0,0,0,1,0,0,2,1,0,0,0,0,37,1,0,true
C:\ghidra-master\GPL\DMG\src\dmg\java\mobiledevices\dmg\ghidra\GBinaryReader.java,mobiledevices.dmg.ghidra.GBinaryReader,isValidIndex/1[long],false,117,1,1,0,1,1,1,3,1,0,1,1,0,0,0,0,0,0,0,0,0,0,0,0,0,0,20,1,0,true
C:\ghidra-master\GPL\DMG\src\dmg\java\mobiledevices\dmg\ghidra\GBinaryReader.java,mobiledevices.dmg.ghidra.GBinaryReader,readShort/1[long],false,571,3,7,5,2,1,2,4,1,1,1,2,0,0,0,0,0,0,0,0,1,0,0,0,0,0,20,1,0,true
C:\ghidra-master\GPL\DMG\src\dmg\java\mobiledevices\dmg\ghidra\GBinaryReader.java,mobiledevices.dmg.ghidra.GBinaryReader,"writeShort/2[long,short]",false,807,3,2,0,2,1,2,4,0,1,2,2,0,0,0,0,0,0,0,0,1,0,0,0,0,0,20,1,0,true
C:\ghidra-master\GPL\DMG\src\dmg\java\mobiledevices\dmg\ghidra\GBinaryReader.java,mobiledevices.dmg.ghidra.GBinaryReader,clone/1[int],false,61,1,2,0,2,1,1,6,1,1,1,1,1,1,0,0,0,0,0,0,3,0,0,0,0,0,15,1,0,true
C:\ghidra-master\GPL\DMG\src\dmg\java\mobiledevices\dmg\ghidra\GBinaryReader.java,mobiledevices.dmg.ghidra.GBinaryReader,peekNextLong/0,false,202,1,1,0,1,1,1,3,1,0,0,1,1,1,0,0,0,0,0,0,0,0,0,0,0,0,18,1,0,true
C:\ghidra-master\GPL\DMG\src\dmg\java\mobiledevices\dmg\ghidra\GBinaryReader.java,mobiledevices.dmg.ghidra.GBinaryReader,"clampInt/4[int,int,int,java.lang.Integer[]]",false,900,0,2,2,0,10,0,29,1,2,4,0,0,0,1,4,0,0,2,5,7,2,3,0,0,0,20,4,0,false
C:\ghidra-master\GPL\DMG\src\dmg\java\mobiledevices\dmg\ghidra\GBinaryReader.java,mobiledevices.dmg.ghidra.GBinaryReader,"readNextLong/3[long,long,java.lang.Long[]]",false,296,1,1,0,1,1,1,5,1,1,3,1,1,2,0,0,0,0,0,0,2,0,0,0,0,0,30,1,0,true
C:\ghidra-master\GPL\DMG\src\dmg\java\mobiledevices\dmg\ghidra\GBinaryReader.java,mobiledevices.dmg.ghidra.GBinaryReader,"readLongArray/5[long,int,long,long,java.lang.Long[]]",false,762,2,3,1,2,2,2,7,1,2,5,2,2,2,1,0,0,0,0,1,3,0,1,0,0,0,29,1,0,true
C:\ghidra-master\GPL\DMG\src\dmg\java\mobiledevices\dmg\ghidra\GBinaryReader.java,mobiledevices.dmg.ghidra.GBinaryReader,"readAsciiString/2[long,int]",false,491,1,2,1,1,2,4,8,1,3,2,4,0,0,1,0,0,1,0,2,3,0,1,0,0,0,34,1,0,true
C:\ghidra-master\GPL\DMG\src\dmg\java\mobiledevices\dmg\ghidra\GBinaryReader.java,mobiledevices.dmg.ghidra.GBinaryReader,readLong/1[long],false,615,3,6,4,2,1,2,4,1,1,1,2,0,0,0,0,0,0,0,0,1,0,0,0,0,0,19,1,0,true
C:\ghidra-master\GPL\DMG\src\dmg\java\mobiledevices\dmg\ghidra\GBinaryReader.java,mobiledevices.dmg.ghidra.GBinaryReader,length/0,false,95,1,3,2,1,1,1,3,1,0,0,1,0,0,0,0,0,0,0,0,0,0,0,0,0,0,13,1,0,true
C:\ghidra-master\GPL\DMG\src\dmg\java\mobiledevices\dmg\ghidra\GBinaryReader.java,mobiledevices.dmg.ghidra.GBinaryReader,readNextAsciiString/0,false,309,1,1,0,1,1,2,5,1,1,0,2,1,1,0,0,0,1,0,1,2,1,0,0,0,0,33,1,0,true
C:\ghidra-master\GPL\DMG\src\dmg\java\mobiledevices\dmg\ghidra\GBinaryReader.java,mobiledevices.dmg.ghidra.GBinaryReader,"readAsciiStringArray/2[long,int]",false,778,1,1,0,1,4,2,12,1,3,2,2,1,1,1,1,0,1,1,3,5,1,1,0,0,0,30,1,0,true
C:\ghidra-master\GPL\DMG\src\dmg\java\mobiledevices\dmg\ghidra\GBinaryReader.java,mobiledevices.dmg.ghidra.GBinaryReader,readNextByteArray/1[int],false,360,2,4,3,1,1,1,5,1,1,1,1,1,1,0,0,0,1,0,0,2,1,0,0,0,0,36,1,0,true
C:\ghidra-master\GPL\DMG\src\dmg\java\mobiledevices\dmg\ghidra\GBinaryReader.java,mobiledevices.dmg.ghidra.GBinaryReader,"readNextByteArray/4[int,byte,byte,java.lang.Byte[]]",false,373,2,1,0,1,1,1,5,1,1,4,1,1,2,0,0,0,1,0,0,2,1,0,0,0,0,37,1,0,true
C:\ghidra-master\GPL\DMG\src\dmg\java\mobiledevices\dmg\ghidra\GBinaryReader.java,mobiledevices.dmg.ghidra.GBinaryReader,peekNextByte/0,false,172,1,1,0,1,1,1,3,1,0,0,1,1,1,0,0,0,0,0,0,0,0,0,0,0,0,18,1,0,true
C:\ghidra-master\GPL\DMG\src\dmg\java\mobiledevices\dmg\ghidra\GBinaryReader.java,mobiledevices.dmg.ghidra.GBinaryReader,"readNextByte/3[byte,byte,java.lang.Byte[]]",false,224,1,1,0,1,1,1,5,1,1,3,1,1,2,0,0,0,0,0,0,2,0,0,0,0,0,30,1,0,true
C:\ghidra-master\GPL\DMG\src\dmg\java\mobiledevices\dmg\ghidra\GBinaryReader.java,mobiledevices.dmg.ghidra.GBinaryReader,readByte/1[long],false,550,1,4,3,1,1,1,3,1,0,1,1,0,0,0,0,0,0,0,0,0,0,0,0,0,0,18,1,0,true
C:\ghidra-master\GPL\DMG\src\dmg\java\mobiledevices\dmg\ghidra\GBinaryReader.java,mobiledevices.dmg.ghidra.GBinaryReader,readNextShort/0,false,236,1,4,3,1,1,1,5,1,1,0,1,1,1,0,0,0,0,0,0,2,0,0,0,0,0,29,1,0,true
C:\ghidra-master\GPL\DMG\src\dmg\java\mobiledevices\dmg\ghidra\GBinaryReader.java,mobiledevices.dmg.ghidra.GBinaryReader,"writeInt/2[long,int]",false,818,3,2,0,2,1,2,4,0,1,2,2,0,0,0,0,0,0,0,0,1,0,0,0,0,0,20,1,0,true
C:\ghidra-master\GPL\DMG\src\dmg\java\mobiledevices\dmg\ghidra\GBinaryReader.java,mobiledevices.dmg.ghidra.GBinaryReader,readNextAsciiString/1[int],false,322,1,1,0,1,1,1,5,1,1,1,1,1,1,0,0,0,0,0,0,2,0,0,0,0,0,25,1,0,true
C:\ghidra-master\GPL\DMG\src\dmg\java\mobiledevices\dmg\ghidra\GBinaryReader.java,mobiledevices.dmg.ghidra.GBinaryReader,readNextUnicodeString/0,false,335,1,1,0,1,1,2,5,1,1,0,2,1,2,0,0,0,2,0,2,2,2,0,0,0,0,34,1,0,true
C:\ghidra-master\GPL\DMG\src\dmg\java\mobiledevices\dmg\ghidra\GBinaryReader.java,mobiledevices.dmg.ghidra.GBinaryReader,"readShortArray/2[long,int]",false,670,2,3,2,1,3,1,11,1,2,2,1,1,1,1,0,0,0,1,2,4,1,1,0,0,0,33,1,0,true
C:\ghidra-master\GPL\DMG\src\dmg\java\mobiledevices\dmg\ghidra\GBinaryReader.java,mobiledevices.dmg.ghidra.GBinaryReader,"readInt/4[long,int,int,java.lang.Integer[]]",false,604,1,3,1,2,1,2,4,1,1,4,2,2,1,0,0,0,0,0,0,1,0,0,0,0,0,23,1,0,true
C:\ghidra-master\GPL\DMG\src\dmg\java\mobiledevices\dmg\ghidra\GBinaryReader.java,mobiledevices.dmg.ghidra.GBinaryReader,"readByte/4[long,byte,byte,java.lang.Byte[]]",false,560,1,3,1,2,1,2,4,1,1,4,2,2,1,0,0,0,0,0,0,1,0,0,0,0,0,22,1,0,true
C:\ghidra-master\GPL\DMG\src\dmg\java\mobiledevices\dmg\ghidra\GBinaryReader.java,mobiledevices.dmg.ghidra.GBinaryReader,"clampByte/4[byte,byte,byte,java.lang.Byte[]]",false,842,0,2,2,0,10,0,29,1,2,4,0,0,0,1,4,0,0,2,5,7,2,3,0,0,0,20,4,0,false
C:\ghidra-master\GPL\DMG\src\dmg\java\mobiledevices\dmg\ghidra\GBinaryReader.java,mobiledevices.dmg.ghidra.GBinaryReader,"readNextInt/3[int,int,java.lang.Integer[]]",false,272,1,1,0,1,1,1,5,1,1,3,1,1,2,0,0,0,0,0,0,2,0,0,0,0,0,30,1,0,true
C:\ghidra-master\GPL\DMG\src\dmg\java\mobiledevices\dmg\ghidra\GBinaryReader.java,mobiledevices.dmg.ghidra.GBinaryReader,"readByteArray/5[long,int,byte,byte,java.lang.Byte[]]",false,654,2,3,1,2,2,2,7,1,2,5,2,2,1,1,0,0,0,0,1,3,0,1,0,0,0,30,1,0,true
C:\ghidra-master\GPL\DMG\src\dmg\java\mobiledevices\dmg\ghidra\GBinaryReader.java,mobiledevices.dmg.ghidra.GBinaryReader,getByteProvider/0,false,838,1,0,0,0,1,0,3,1,0,0,0,0,0,0,0,0,0,0,0,0,0,0,0,0,0,8,1,0,true
C:\ghidra-master\GPL\DMG\src\dmg\java\mobiledevices\dmg\ghidra\GBinaryReader.java,mobiledevices.dmg.ghidra.GBinaryReader,"readLongArray/2[long,int]",false,742,2,3,2,1,3,1,11,1,2,2,1,1,1,1,0,0,0,1,2,4,1,1,0,0,0,33,1,0,true
C:\ghidra-master\GPL\DMG\src\dmg\java\mobiledevices\dmg\ghidra\GBinaryReader.java,mobiledevices.dmg.ghidra.GBinaryReader,"readIntArray/2[long,int]",false,706,2,3,2,1,3,1,11,1,2,2,1,1,1,1,0,0,0,1,2,4,1,1,0,0,0,34,1,0,true
C:\ghidra-master\GPL\DMG\src\dmg\java\mobiledevices\dmg\ghidra\GBinaryReader.java,mobiledevices.dmg.ghidra.GBinaryReader,"readLong/4[long,long,long,java.lang.Long[]]",false,626,1,3,1,2,1,2,4,1,1,4,2,2,1,0,0,0,0,0,0,1,0,0,0,0,0,21,1,0,true
C:\ghidra-master\GPL\DMG\src\dmg\java\mobiledevices\dmg\ghidra\GBinaryReader.java,mobiledevices.dmg.ghidra.GBinaryReader,"readShortArray/5[long,int,short,short,java.lang.Short[]]",false,690,2,3,1,2,2,2,7,1,2,5,2,2,2,1,0,0,0,0,1,3,0,1,0,0,0,30,1,0,true
C:\ghidra-master\GPL\DMG\src\dmg\java\mobiledevices\dmg\ghidra\GBinaryReader.java,mobiledevices.dmg.ghidra.GBinaryReader,"clampShort/4[short,short,short,java.lang.Short[]]",false,871,0,2,2,0,10,0,29,1,2,4,0,0,0,1,4,0,0,2,5,7,2,3,0,0,0,20,4,0,false
C:\ghidra-master\GPL\DMG\src\dmg\java\mobiledevices\dmg\ghidra\GBinaryReader.java,mobiledevices.dmg.ghidra.GBinaryReader,readInt/1[long],false,593,3,6,4,2,1,2,4,1,1,1,2,0,0,0,0,0,0,0,0,1,0,0,0,0,0,21,1,0,true
C:\ghidra-master\GPL\DMG\src\dmg\java\mobiledevices\dmg\ghidra\GStringUtilities.java,mobiledevices.dmg.ghidra.GStringUtilities,"convertBytesToString/2[byte[],int]",false,30,1,0,0,0,3,4,11,1,3,2,4,0,0,1,1,0,0,1,4,3,1,2,0,0,0,10,9,0,false
C:\ghidra-master\GPL\DMG\src\dmg\java\mobiledevices\dmg\ghidra\GStringUtilities.java,mobiledevices.dmg.ghidra.GStringUtilities,convertStringToBytes/1[java.lang.String],false,42,1,0,0,0,3,3,13,2,3,1,3,0,0,1,0,1,0,0,6,5,3,2,0,0,0,11,9,0,false
C:\ghidra-master\GPL\DMG\src\dmg\java\mobiledevices\dmg\ghidra\GStringUtilities.java,mobiledevices.dmg.ghidra.GStringUtilities,toString/1[int],false,19,1,1,1,0,2,0,10,1,2,1,0,0,0,1,1,0,0,0,4,4,2,1,0,0,0,19,9,0,true
C:\ghidra-master\GPL\DMG\src\dmg\java\mobiledevices\dmg\btree\BTreeNodeRecord.java,mobiledevices.dmg.btree.BTreeNodeRecord,getDecmpfsHeader/0,false,111,1,1,1,0,1,0,3,1,0,0,0,0,0,0,0,0,0,0,0,0,0,0,0,0,0,4,1,0,false
C:\ghidra-master\GPL\DMG\src\dmg\java\mobiledevices\dmg\btree\BTreeNodeRecord.java,mobiledevices.dmg.btree.BTreeNodeRecord,readType/1[mobiledevices.dmg.ghidra.GBinaryReader],false,75,1,2,1,1,2,3,8,1,2,1,3,0,0,1,0,0,0,0,1,2,0,1,0,0,0,15,2,0,false
C:\ghidra-master\GPL\DMG\src\dmg\java\mobiledevices\dmg\btree\BTreeNodeRecord.java,mobiledevices.dmg.btree.BTreeNodeRecord,"BTreeNodeRecord/2[mobiledevices.dmg.ghidra.GBinaryReader,mobiledevices.dmg.btree.BTreeNodeDescriptor]",true,28,4,9,1,8,10,8,42,0,0,2,8,3,1,0,2,0,0,0,0,12,0,2,0,0,0,31,0,0,false
C:\ghidra-master\GPL\DMG\src\dmg\java\mobiledevices\dmg\btree\BTreeNodeRecord.java,mobiledevices.dmg.btree.BTreeNodeRecord,getDescriptor/0,false,90,1,0,0,0,1,0,3,1,0,0,0,0,0,0,0,0,0,0,0,0,0,0,0,0,0,6,1,0,false
C:\ghidra-master\GPL\DMG\src\dmg\java\mobiledevices\dmg\btree\BTreeNodeRecord.java,mobiledevices.dmg.btree.BTreeNodeRecord,getUnknown0/0,false,93,0,0,0,0,1,0,3,1,0,0,0,0,0,0,0,0,0,0,0,0,0,0,0,0,0,3,1,0,false
C:\ghidra-master\GPL\DMG\src\dmg\java\mobiledevices\dmg\btree\BTreeNodeRecord.java,mobiledevices.dmg.btree.BTreeNodeRecord,getUnknown2/0,false,96,0,0,0,0,1,0,3,1,0,0,0,0,0,0,0,0,0,0,0,0,0,0,0,0,0,3,1,0,false
C:\ghidra-master\GPL\DMG\src\dmg\java\mobiledevices\dmg\btree\BTreeNodeRecord.java,mobiledevices.dmg.btree.BTreeNodeRecord,getUnknown3/0,false,99,0,0,0,0,1,0,3,1,0,0,0,0,0,0,0,0,0,0,0,0,0,0,0,0,0,3,1,0,false
C:\ghidra-master\GPL\DMG\src\dmg\java\mobiledevices\dmg\btree\BTreeNodeRecord.java,mobiledevices.dmg.btree.BTreeNodeRecord,getFileID/0,false,108,0,1,1,0,1,0,3,1,0,0,0,0,0,0,0,0,0,0,0,0,0,0,0,0,0,5,1,0,false
C:\ghidra-master\GPL\DMG\src\dmg\java\mobiledevices\dmg\btree\BTreeNodeRecord.java,mobiledevices.dmg.btree.BTreeNodeRecord,getRecordLength/0,false,87,0,1,1,0,1,0,3,1,0,0,0,0,0,0,0,0,0,0,0,0,0,0,0,0,0,4,1,0,false
C:\ghidra-master\GPL\DMG\src\dmg\java\mobiledevices\dmg\btree\BTreeNodeRecord.java,mobiledevices.dmg.btree.BTreeNodeRecord,getType/0,false,84,0,1,1,0,1,0,3,1,0,0,0,0,0,0,0,0,0,0,0,0,0,0,0,0,0,3,1,0,false
C:\ghidra-master\GPL\DMG\src\dmg\java\mobiledevices\dmg\btree\BTreeNodeRecord.java,mobiledevices.dmg.btree.BTreeNodeRecord,getUnknown4/0,false,102,0,0,0,0,1,0,3,1,0,0,0,0,0,0,0,0,0,0,0,0,0,0,0,0,0,3,1,0,false
C:\ghidra-master\GPL\DMG\src\dmg\java\mobiledevices\dmg\btree\BTreeNodeRecord.java,mobiledevices.dmg.btree.BTreeNodeRecord,getUnknown5/0,false,105,0,0,0,0,1,0,3,1,0,0,0,0,0,0,0,0,0,0,0,0,0,0,0,0,0,3,1,0,false
C:\ghidra-master\GPL\DMG\src\dmg\java\mobiledevices\dmg\btree\BTreeNodeRecord.java,mobiledevices.dmg.btree.BTreeNodeRecord,getRecordOffset/0,false,114,0,0,0,0,1,0,3,1,0,0,0,0,0,0,0,0,0,0,0,0,0,0,0,0,0,4,1,0,false
C:\ghidra-master\GPL\DMG\src\dmg\java\mobiledevices\dmg\server\DmgServer.java,mobiledevices.dmg.server.DmgServer,log/1[java.lang.String[]],false,48,0,1,1,0,2,2,6,0,0,1,2,0,0,1,0,0,0,0,0,0,0,1,0,0,0,3,9,0,false
C:\ghidra-master\GPL\DMG\src\dmg\java\mobiledevices\dmg\server\DmgServer.java,mobiledevices.dmg.server.DmgServer,parseLine/1[java.lang.String],false,188,0,1,1,0,1,3,5,1,2,1,3,0,0,0,0,0,0,0,1,2,1,0,0,0,0,5,10,0,false
C:\ghidra-master\GPL\DMG\src\dmg\java\mobiledevices\dmg\server\DmgServer.java,mobiledevices.dmg.server.DmgServer,writeln/1[java.lang.String],false,17,1,1,1,0,5,4,14,0,2,1,4,0,0,1,2,0,0,0,3,2,0,2,0,0,0,8,10,0,false
C:\ghidra-master\GPL\DMG\src\dmg\java\mobiledevices\dmg\server\DmgServer.java,mobiledevices.dmg.server.DmgServer,sendResponse/1[java.lang.String],false,36,0,1,1,0,1,2,4,0,0,1,2,0,0,0,0,0,0,0,0,0,0,0,0,0,0,3,9,0,false
C:\ghidra-master\GPL\DMG\src\dmg\java\mobiledevices\dmg\server\DmgServer.java,mobiledevices.dmg.server.DmgServer,main/1[java.lang.String[]],false,55,6,14,0,14,17,24,87,3,18,1,24,6,1,3,5,3,0,18,3,18,6,8,0,0,0,61,9,0,false
C:\ghidra-master\GPL\DMG\src\dmg\java\mobiledevices\dmg\server\DmgServer.java,mobiledevices.dmg.server.DmgServer,"toFile/2[mobiledevices.dmg.reader.DmgFileReader,java.lang.String]",false,156,4,3,1,2,7,5,26,4,4,2,5,0,0,1,1,0,0,0,2,5,0,3,0,0,0,14,10,0,false
C:\ghidra-master\GPL\DMG\src\dmg\java\mobiledevices\dmg\server\DmgServer.java,mobiledevices.dmg.server.DmgServer,sendResponses/1[java.lang.String[]],false,41,0,1,1,0,2,2,6,0,0,1,2,0,0,1,0,0,0,0,0,0,0,1,0,0,0,5,9,0,false
C:\ghidra-master\GPL\DMG\src\dmg\java\mobiledevices\dmg\ghidra\GByteProvider.java,mobiledevices.dmg.ghidra.GByteProvider,getName/0,false,48,0,0,0,0,1,1,3,1,0,0,1,0,0,0,0,0,0,0,0,0,0,0,0,0,0,2,1,0,true
C:\ghidra-master\GPL\DMG\src\dmg\java\mobiledevices\dmg\ghidra\GByteProvider.java,mobiledevices.dmg.ghidra.GByteProvider,getFile/0,false,41,0,1,1,0,1,0,3,1,0,0,0,0,0,0,0,0,0,0,0,0,0,0,0,0,0,3,1,0,true
C:\ghidra-master\GPL\DMG\src\dmg\java\mobiledevices\dmg\ghidra\GByteProvider.java,mobiledevices.dmg.ghidra.GByteProvider,"readBytes/2[long,long]",false,101,2,6,4,2,2,2,9,1,2,2,2,0,0,0,1,0,0,2,0,2,1,1,0,0,0,11,1,0,true
C:\ghidra-master\GPL\DMG\src\dmg\java\mobiledevices\dmg\ghidra\GByteProvider.java,mobiledevices.dmg.ghidra.GByteProvider,getInputStream/1[long],false,59,0,0,0,0,1,1,5,1,1,1,1,0,0,0,0,0,0,0,0,1,0,0,0,0,0,10,1,0,true
C:\ghidra-master\GPL\DMG\src\dmg\java\mobiledevices\dmg\ghidra\GByteProvider.java,mobiledevices.dmg.ghidra.GByteProvider,close/0,false,70,1,2,1,1,1,1,3,0,0,0,1,0,0,0,0,0,0,0,0,0,0,0,0,0,0,12,1,0,true
C:\ghidra-master\GPL\DMG\src\dmg\java\mobiledevices\dmg\ghidra\GByteProvider.java,mobiledevices.dmg.ghidra.GByteProvider,GByteProvider/1[java.io.File],true,22,1,3,2,1,1,0,4,0,0,1,0,0,0,0,0,0,0,1,0,2,0,0,0,0,0,25,1,0,true
C:\ghidra-master\GPL\DMG\src\dmg\java\mobiledevices\dmg\ghidra\GByteProvider.java,mobiledevices.dmg.ghidra.GByteProvider,"GByteProvider/2[java.io.File,java.lang.String]",true,33,1,1,0,1,1,0,4,0,0,2,0,0,0,0,0,0,0,0,0,2,0,0,0,0,0,30,1,0,true
C:\ghidra-master\GPL\DMG\src\dmg\java\mobiledevices\dmg\ghidra\GByteProvider.java,mobiledevices.dmg.ghidra.GByteProvider,isValidIndex/1[long],false,81,1,3,2,1,4,1,8,2,0,1,1,0,0,0,0,1,0,0,1,0,0,1,0,0,0,9,1,0,false
C:\ghidra-master\GPL\DMG\src\dmg\java\mobiledevices\dmg\ghidra\GByteProvider.java,mobiledevices.dmg.ghidra.GByteProvider,readByte/1[long],false,93,1,7,5,2,1,2,4,1,0,1,2,0,0,0,0,0,0,0,0,0,0,0,0,0,0,6,1,0,true
C:\ghidra-master\GPL\DMG\src\dmg\java\mobiledevices\dmg\ghidra\GByteProvider.java,mobiledevices.dmg.ghidra.GByteProvider,"writeByte/2[long,byte]",false,114,1,3,1,2,1,2,4,0,0,2,2,0,0,0,0,0,0,0,0,0,0,0,0,0,0,7,1,0,true
C:\ghidra-master\GPL\DMG\src\dmg\java\mobiledevices\dmg\ghidra\GByteProvider.java,mobiledevices.dmg.ghidra.GByteProvider,getAbsolutePath/0,false,52,0,0,0,0,1,1,3,1,0,0,1,0,0,0,0,0,0,0,0,0,0,0,0,0,0,3,1,0,false
C:\ghidra-master\GPL\DMG\src\dmg\java\mobiledevices\dmg\ghidra\GByteProvider.java,mobiledevices.dmg.ghidra.GByteProvider,"writeBytes/2[long,byte[]]",false,122,2,5,3,2,1,2,4,0,0,2,2,0,0,0,0,0,0,0,0,0,0,0,0,0,0,7,1,0,true
C:\ghidra-master\GPL\DMG\src\dmg\java\mobiledevices\dmg\ghidra\GByteProvider.java,mobiledevices.dmg.ghidra.GByteProvider,length/0,false,77,1,2,1,1,1,1,3,1,0,0,1,0,0,0,0,0,0,0,0,0,0,0,0,0,0,4,1,0,true
C:\ghidra-master\GPL\DMG\src\dmg\java\mobiledevices\dmg\btree\BTreeMapRecord.java,mobiledevices.dmg.btree.BTreeMapRecord,"BTreeMapRecord/2[mobiledevices.dmg.ghidra.GBinaryReader,mobiledevices.dmg.btree.BTreeHeaderRecord]",true,20,2,3,1,2,1,2,3,0,0,2,2,0,0,0,0,0,0,0,1,1,1,0,0,0,0,11,4,0,false
C:\ghidra-master\GPL\DMG\src\dmg\java\mobiledevices\dmg\btree\BTreeMapRecord.java,mobiledevices.dmg.btree.BTreeMapRecord,isNodeUsed/1[int],false,38,0,0,0,0,2,0,4,1,1,1,0,0,0,0,1,0,3,0,6,1,4,0,0,0,0,14,1,0,true
C:\ghidra-master\GPL\DMG\src\dmg\java\mobiledevices\dmg\btree\BTreeMapRecord.java,mobiledevices.dmg.btree.BTreeMapRecord,getBitmap/0,false,28,1,0,0,0,1,0,3,1,0,0,0,0,0,0,0,0,0,0,0,0,0,0,0,0,0,9,1,0,true
C:\ghidra-master\GPL\DMG\src\dmg\java\mobiledevices\dmg\btree\BTreeHeaderRecord.java,mobiledevices.dmg.btree.BTreeHeaderRecord,getBtreeType/0,false,95,0,0,0,0,1,0,3,1,0,0,0,0,0,0,0,0,0,0,0,0,0,0,0,0,0,4,1,0,false
C:\ghidra-master\GPL\DMG\src\dmg\java\mobiledevices\dmg\btree\BTreeHeaderRecord.java,mobiledevices.dmg.btree.BTreeHeaderRecord,getRootNode/0,false,55,0,0,0,0,1,0,3,1,0,0,0,0,0,0,0,0,0,0,0,0,0,0,0,0,0,4,1,0,false
C:\ghidra-master\GPL\DMG\src\dmg\java\mobiledevices\dmg\btree\BTreeHeaderRecord.java,mobiledevices.dmg.btree.BTreeHeaderRecord,getFreeNodes/0,false,83,0,0,0,0,1,0,3,1,0,0,0,0,0,0,0,0,0,0,0,0,0,0,0,0,0,4,1,0,false
C:\ghidra-master\GPL\DMG\src\dmg\java\mobiledevices\dmg\btree\BTreeHeaderRecord.java,mobiledevices.dmg.btree.BTreeHeaderRecord,getKeyCompareType/0,false,99,0,0,0,0,1,0,3,1,0,0,0,0,0,0,0,0,0,0,0,0,0,0,0,0,0,5,1,0,false
C:\ghidra-master\GPL\DMG\src\dmg\java\mobiledevices\dmg\btree\BTreeHeaderRecord.java,mobiledevices.dmg.btree.BTreeHeaderRecord,getLastLeafNode/0,false,67,0,0,0,0,1,0,3,1,0,0,0,0,0,0,0,0,0,0,0,0,0,0,0,0,0,5,1,0,false
C:\ghidra-master\GPL\DMG\src\dmg\java\mobiledevices\dmg\btree\BTreeHeaderRecord.java,mobiledevices.dmg.btree.BTreeHeaderRecord,getClumpSize/0,false,91,0,0,0,0,1,0,3,1,0,0,0,0,0,0,0,0,0,0,0,0,0,0,0,0,0,4,1,0,false
C:\ghidra-master\GPL\DMG\src\dmg\java\mobiledevices\dmg\btree\BTreeHeaderRecord.java,mobiledevices.dmg.btree.BTreeHeaderRecord,getNodeSize/0,false,71,0,3,3,0,1,0,3,1,0,0,0,0,0,0,0,0,0,0,0,0,0,0,0,0,0,4,1,0,false
C:\ghidra-master\GPL\DMG\src\dmg\java\mobiledevices\dmg\btree\BTreeHeaderRecord.java,mobiledevices.dmg.btree.BTreeHeaderRecord,getReserved/0,false,107,1,0,0,0,1,0,3,1,0,0,0,0,0,0,0,0,0,0,0,0,0,0,0,0,0,3,1,0,false
C:\ghidra-master\GPL\DMG\src\dmg\java\mobiledevices\dmg\btree\BTreeHeaderRecord.java,mobiledevices.dmg.btree.BTreeHeaderRecord,getAttributes/0,false,103,0,0,0,0,1,0,3,1,0,0,0,0,0,0,0,0,0,0,0,0,0,0,0,0,0,3,1,0,false
C:\ghidra-master\GPL\DMG\src\dmg\java\mobiledevices\dmg\btree\BTreeHeaderRecord.java,mobiledevices.dmg.btree.BTreeHeaderRecord,getReserved1/0,false,87,0,0,0,0,1,0,3,1,0,0,0,0,0,0,0,0,0,0,0,0,0,0,0,0,0,3,1,0,false
C:\ghidra-master\GPL\DMG\src\dmg\java\mobiledevices\dmg\btree\BTreeHeaderRecord.java,mobiledevices.dmg.btree.BTreeHeaderRecord,getLeafRecords/0,false,59,0,0,0,0,1,0,3,1,0,0,0,0,0,0,0,0,0,0,0,0,0,0,0,0,0,4,1,0,false
C:\ghidra-master\GPL\DMG\src\dmg\java\mobiledevices\dmg\btree\BTreeHeaderRecord.java,mobiledevices.dmg.btree.BTreeHeaderRecord,getTreeDepth/0,false,51,0,0,0,0,1,0,3,1,0,0,0,0,0,0,0,0,0,0,0,0,0,0,0,0,0,4,1,0,false
C:\ghidra-master\GPL\DMG\src\dmg\java\mobiledevices\dmg\btree\BTreeHeaderRecord.java,mobiledevices.dmg.btree.BTreeHeaderRecord,getFirstLeafNode/0,false,63,0,0,0,0,1,0,3,1,0,0,0,0,0,0,0,0,0,0,0,0,0,0,0,0,0,5,1,0,false
C:\ghidra-master\GPL\DMG\src\dmg\java\mobiledevices\dmg\btree\BTreeHeaderRecord.java,mobiledevices.dmg.btree.BTreeHeaderRecord,getMaxKeyLength/0,false,75,0,0,0,0,1,0,3,1,0,0,0,0,0,0,0,0,0,0,0,0,0,0,0,0,0,5,1,0,false
C:\ghidra-master\GPL\DMG\src\dmg\java\mobiledevices\dmg\btree\BTreeHeaderRecord.java,mobiledevices.dmg.btree.BTreeHeaderRecord,getTotalNodes/0,false,79,0,0,0,0,1,0,3,1,0,0,0,0,0,0,0,0,0,0,0,0,0,0,0,0,0,4,1,0,false
C:\ghidra-master\GPL\DMG\src\dmg\java\mobiledevices\dmg\btree\BTreeHeaderRecord.java,mobiledevices.dmg.btree.BTreeHeaderRecord,BTreeHeaderRecord/1[mobiledevices.dmg.ghidra.GBinaryReader],true,33,1,5,1,4,1,4,17,0,0,1,4,0,0,0,0,0,0,0,1,15,0,0,0,0,0,11,0,0,false
C:\ghidra-master\GPL\DMG\src\dmg\java\mobiledevices\dmg\reader\DmgInputStream.java,mobiledevices.dmg.reader.DmgInputStream,read/0,false,28,0,0,0,0,1,1,3,1,0,0,1,0,0,0,0,0,0,0,0,0,0,0,0,0,0,4,1,0,false
C:\ghidra-master\GPL\DMG\src\dmg\java\mobiledevices\dmg\reader\DmgInputStream.java,mobiledevices.dmg.reader.DmgInputStream,read/1[byte[]],false,33,1,0,0,0,1,1,3,1,0,1,1,0,0,0,0,0,0,0,0,0,0,0,0,0,0,5,1,0,false
C:\ghidra-master\GPL\DMG\src\dmg\java\mobiledevices\dmg\reader\DmgInputStream.java,mobiledevices.dmg.reader.DmgInputStream,DmgInputStream/1[mobiledevices.dmg.reader.ReadableRandomAccessStream],true,19,1,2,2,0,1,0,3,0,0,1,0,0,0,0,0,0,0,0,0,1,0,0,0,0,0,7,0,0,false
C:\ghidra-master\GPL\DMG\src\dmg\java\mobiledevices\dmg\reader\DmgInputStream.java,mobiledevices.dmg.reader.DmgInputStream,"read/3[byte[],int,int]",false,38,1,0,0,0,1,1,3,1,0,3,1,0,0,0,0,0,0,0,0,0,0,0,0,0,0,5,1,0,false
C:\ghidra-master\GPL\DMG\src\dmg\java\mobiledevices\dmg\reader\DmgInputStream.java,mobiledevices.dmg.reader.DmgInputStream,getLength/0,false,23,0,0,0,0,1,1,3,1,0,0,1,0,0,0,0,0,0,0,0,0,0,0,0,0,0,2,1,0,false
C:\ghidra-master\GPL\DMG\src\dmg\java\mobiledevices\dmg\btree\BTreeRootNodeDescriptor.java,mobiledevices.dmg.btree.BTreeRootNodeDescriptor,BTreeRootNodeDescriptor/1[mobiledevices.dmg.ghidra.GBinaryReader],true,19,5,10,1,9,2,6,16,0,3,1,6,0,0,1,0,0,0,0,2,7,0,1,0,0,0,24,1,0,false
C:\ghidra-master\GPL\DMG\src\dmg\java\mobiledevices\dmg\btree\BTreeRootNodeDescriptor.java,mobiledevices.dmg.btree.BTreeRootNodeDescriptor,getMapRecord/0,false,49,1,0,0,0,1,0,3,1,0,0,0,0,0,0,0,0,0,0,0,0,0,0,0,0,0,6,1,0,false
C:\ghidra-master\GPL\DMG\src\dmg\java\mobiledevices\dmg\btree\BTreeRootNodeDescriptor.java,mobiledevices.dmg.btree.BTreeRootNodeDescriptor,getNode/1[int],false,53,1,0,0,0,2,1,8,2,0,1,1,0,0,0,0,1,0,0,0,0,0,1,0,0,0,9,1,0,false
C:\ghidra-master\GPL\DMG\src\dmg\java\mobiledevices\dmg\btree\BTreeRootNodeDescriptor.java,mobiledevices.dmg.btree.BTreeRootNodeDescriptor,getNodes/0,false,62,1,1,1,0,1,0,3,1,0,0,0,0,0,0,0,0,0,0,0,0,0,0,0,0,0,3,1,0,false
C:\ghidra-master\GPL\DMG\src\dmg\java\mobiledevices\dmg\btree\BTreeRootNodeDescriptor.java,mobiledevices.dmg.btree.BTreeRootNodeDescriptor,getHeaderRecord/0,false,41,1,0,0,0,1,0,3,1,0,0,0,0,0,0,0,0,0,0,0,0,0,0,0,0,0,6,1,0,false
C:\ghidra-master\GPL\DMG\src\dmg\java\mobiledevices\dmg\btree\BTreeRootNodeDescriptor.java,mobiledevices.dmg.btree.BTreeRootNodeDescriptor,getUserDataRecord/0,false,45,1,0,0,0,1,0,3,1,0,0,0,0,0,0,0,0,0,0,0,0,0,0,0,0,0,7,1,0,false
